﻿Title,Year,Rating,Director.Gender,CC_Male,CC_Female,CC_Unknown,Genre_1,Genre_2,Genre_3,Gross,Gross_Adjusted,Meta
Gone with the Wind,1939,Passed,male,104,55,0,Drama,History,Romance,198680000.00," 3,953,431,835.97 ",97
Pinocchio,1940,G,male,11,9,0,Animation,Adventure,Comedy,84250000.00,1664473089.29,99
Star Wars: Episode IV - A New Hope,1977,PG,male,0,0,0,Action,Adventure,Fantasy,322740000.00,1473041812.87,90
The Exorcist,1973,R,male,28,14,0,Horror,,,232910000.00,1450908648.42,81
The Sound of Music,1965,G,male,34,9,0,Biography,Drama,Family,163210000.00,1433082244.13,63
Jaws,1975,PG,male,61,21,0,Adventure,Thriller,,260000000.00,1336675464.68,87
E.T. the Extra-Terrestrial,1982,PG,male,0,0,0,Adventure,Family,Sci-Fi,435110000.00,1247115438.24,91
The Jungle Book,1967,G,male,41,9,0,Animation,Adventure,Comedy,141840000.00,1174592328.14,65
Titanic,1997,PG-13,male,128,43,0,Drama,Romance,,659330000.00,1136220718.82,75
Star Wars: Episode VII - The Force Awakens,2015,PG-13,male,0,0,0,Action,Adventure,Sci-Fi,936660000.00,1093043337.57,80
The Sting,1973,PG,male,46,17,0,Comedy,Crime,Drama,159600000.00,994225324.32,83
Avatar,2009,PG-13,male,68,31,0,Action,Adventure,Fantasy,760510000.00,980477495.21,83
Star Wars: Episode V - The Empire Strikes Back,1980,PG,male,0,0,0,Action,Adventure,Fantasy,290480000.00,975043358.25,82
Mary Poppins,1964,G,male,53,23,0,Comedy,Family,Fantasy,102270000.00,912476033.23,88
The Godfather,1972,R,male,61,20,0,Crime,Drama,,134970000.00,893091323.68,100
The Graduate,1967,PG,male,38,10,0,Comedy,Drama,Romance,104950000.00,869102261.98,83
Star Wars: Episode VI - Return of the Jedi,1983,PG,male,0,0,0,Action,Adventure,Fantasy,309130000.00,858453389.26,58
The Lion King,1994,G,male,24,7,0,Animation,Adventure,Drama,422780000.00,789043842.24,88
Star Wars: Episode I - The Phantom Menace,1999,PG,male,0,0,0,Action,Adventure,Fantasy,474540000.00,787830396.52,51
Butch Cassidy and the Sundance Kid,1969,PG,male,25,9,0,Biography,Comedy,Crime,102310000.00,771057781.74,66
Jurassic Park,1993,PG-13,male,18,12,0,Action,Adventure,Sci-Fi,402450000.00,770333861.94,68
Indiana Jones and the Raiders of the Lost Ark,1981,PG,male,61,3,0,Action,Adventure,,248160000.00,755097098.35,85
The Avengers,2012,PG-13,male,112,40,0,Action,Adventure,Sci-Fi,623280000.00,750857565.62,69
Avengers: Infinity War,2018,PG-13,male,101,39,1,Action,Adventure,Sci-Fi,678820000.00,747705738.91,68
Ben-Hur,1959,G,male,0,0,0,Adventure,Drama,History,74700000.00,710006814.43,90
Star Wars: Episode VIII - The Last Jedi,2017,PG-13,male,0,0,0,Action,Adventure,Fantasy,620180000.00,699799959.29,84
The Dark Knight,2008,PG-13,male,187,56,0,Action,Crime,Drama,534860000.00,687107901.61,84
Blazing Saddles,1974,R,female,116,23,0,Comedy,Western,,119500000.00,670433782.96,73
Ghostbusters,1984,PG,male,68,12,0,Action,Comedy,Fantasy,238630000.00,635249596.44,71
Beverly Hills Cop,1984,R,male,42,16,0,Action,Comedy,Crime,234760000.00,624947388.26,66
Spider-Man,2002,PG-13,male,0,0,0,Action,Adventure,Sci-Fi,403710000.00,620687855.42,73
Forrest Gump,1994,PG-13,male,138,32,0,Drama,Romance,,330250000.00,616353017.88,82
Home Alone,1990,PG,male,51,22,0,Comedy,Family,,285760000.00,604728941.39,63
Close Encounters of the Third Kind,1977,PG,male,51,16,0,Drama,Sci-Fi,,132090000.00,602881864.85,90
Pirates of the Caribbean: Dead Man's Chest,2006,PG-13,male,104,24,0,Action,Adventure,Fantasy,423320000.00,580782021.23,53
One Flew Over the Cuckoo's Nest,1975,R,male,26,12,0,Drama,,,112000000.00,575798661.71,84
Finding Nemo,2003,G,male,17,7,0,Animation,Adventure,Comedy,380840000.00,572479101.96,90
Rocky,1976,PG,male,46,9,0,Drama,Sport,,117240000.00,569899725.13,70
Superman,1978,PG,male,98,21,0,Action,Adventure,Drama,134220000.00,569383061.04,81
The Lord of the Rings: The Return of the King,2003,PG-13,male,69,10,0,Action,Adventure,Drama,377850000.00,567984530.71,94
Batman,1989,PG-13,male,72,22,0,Action,Adventure,,251190000.00,560293475.08,69
Spider-Man 2,2004,PG-13,male,0,0,0,Action,Adventure,Sci-Fi,373590000.00,547013681.90,83
Back to the Future,1985,PG,male,41,18,0,Adventure,Comedy,Sci-Fi,210610000.00,541379268.49,87
The Dark Knight Rises,2012,PG-13,male,362,51,1,Action,Crime,,448140000.00,539868613.55,78
Star Wars: Episode III - Revenge of the Sith,2005,PG-13,male,0,0,0,Action,Adventure,Fantasy,380260000.00,538534219.87,68
The Lord of the Rings: The Two Towers,2002,PG-13,male,122,20,0,Action,Adventure,Drama,342550000.00,526656820.18,87
Toy Story 3,2010,G,male,37,23,0,Animation,Adventure,Comedy,415000000.00,526398883.77,92
Tootsie,1982,PG,female,35,32,0,Comedy,Drama,Romance,177200000.00,507891925.39,88
The Hunger Games: Catching Fire,2013,PG-13,male,117,62,1,Action,Drama,Mystery,424670000.00,504209148.60,76
The Lord of the Rings: The Fellowship of the Ring,2001,PG-13,male,112,21,1,Action,Adventure,Drama,315540000.00,492800073.74,92
The Sixth Sense,1999,PG-13,male,40,17,0,Drama,Mystery,Thriller,293510000.00,487284738.24,64
Iron Man Three,2013,PG-13,male,197,69,4,Action,Adventure,Sci-Fi,409010000.00,485616087.48,62
Indiana Jones and the Temple of Doom,1984,PG,male,53,28,0,Action,Adventure,,179870000.00,478826404.52,57
Pirates of the Caribbean: The Curse of the Black Pearl,2003,PG-13,male,59,12,0,Action,Adventure,Fantasy,305410000.00,459092643.97,63
Goldfinger,1964,PG,male,59,25,0,Action,Adventure,Thriller,51080000.00,455747294.19,87
Top Gun,1986,PG,male,27,7,0,Action,Drama,,179800000.00,453747282.85,50
"Monsters, Inc.",2001,G,male,35,22,0,Animation,Adventure,Comedy,289920000.00,452787593.90,79
2001: A Space Odyssey,1968,G,male,43,29,0,Adventure,Sci-Fi,,56950000.00,452636308.91,84
Beauty and the Beast,1991,G,male,31,22,0,Animation,Family,Fantasy,218970000.00,444674694.05,95
Guardians of the Galaxy Vol. 2,2017,PG-13,male,55,28,1,Action,Adventure,Comedy,389810000.00,439854594.04,67
Indiana Jones and the Last Crusade,1989,PG-13,male,50,12,0,Action,Adventure,,197170000.00,439798815.56,65
Men in Black,1997,PG-13,male,66,7,0,Action,Adventure,Comedy,250690000.00,432013061.74,71
Saturday Night Fever,1977,R,male,31,11,0,Drama,Music,,94210000.00,429990918.98,77
Aladdin,1992,G,male,55,25,0,Animation,Adventure,Comedy,217350000.00,428486237.70,86
The Matrix Reloaded,2003,R,female,58,20,0,Action,Sci-Fi,,281490000.00,423136073.97,62
The Jungle Book,2016,PG,male,41,9,0,Animation,Adventure,Comedy,364000000.00,419481081.80,77
Deadpool,2016,R,male,39,16,0,Action,Adventure,Comedy,363070000.00,418409330.69,65
Rain Man,1988,R,male,45,21,0,Drama,,,178800000.00,418039841.08,65
Terminator 2: Judgment Day,1991,R,male,58,9,0,Action,Sci-Fi,,204840000.00,415980108.37,75
Furious 7,2015,PG-13,male,108,52,1,Action,Adventure,Thriller,353010000.00,411948015.92,67
Lawrence of Arabia,1962,Approved,male,60,7,0,Adventure,Biography,Drama,44820000.00,410487383.44,100
Iron Man,2008,PG-13,male,68,27,0,Action,Adventure,Sci-Fi,318410000.00,409045408.05,79
Toy Story 2,1999,G,male,33,15,0,Animation,Adventure,Comedy,245850000.00,408159697.78,88
Kramer vs. Kramer,1979,PG,male,21,16,0,Drama,,,106260000.00,404825718.18,77
Gremlins,1984,PG,male,48,9,0,Comedy,Fantasy,Horror,148170000.00,394438807.80,70
Dances with Wolves,1990,PG-13,male,47,10,1,Adventure,Drama,Western,184210000.00,389827541.62,72
Guardians of the Galaxy,2014,PG-13,male,99,35,0,Action,Adventure,Comedy,333180000.00,389268734.03,76
The Incredibles,2004,PG,male,36,17,0,Animation,Action,Adventure,261440000.00,382802690.10,90
Rear Window,1954,PG,male,32,9,0,Mystery,Thriller,,36760000.00,377970692.94,100
Up,2009,PG,male,25,8,0,Animation,Adventure,Comedy,293000000.00,377746388.73,88
Cast Away,2000,PG-13,male,47,20,0,Adventure,Drama,Romance,233630000.00,375258351.16,73
The Dirty Dozen,1967,Not Rated,male,79,13,0,Action,Adventure,War,45300000.00,375134182.63,73
An Officer and a Gentleman,1982,R,female,31,15,0,Drama,Romance,,129800000.00,372033701.55,75
Inception,2010,PG-13,male,59,25,0,Action,Adventure,Sci-Fi,292580000.00,371117555.22,74
Saving Private Ryan,1998,R,male,86,17,0,Drama,War,,216540000.00,367439153.74,91
Skyfall,2012,PG-13,male,121,44,0,Action,Adventure,Thriller,304360000.00,366658658.50,81
Who Framed Roger Rabbit,1988,PG,male,58,12,0,Animation,Adventure,Comedy,156450000.00,365784860.95,83
Superman II,1980,PG,male,85,17,0,Action,Adventure,Sci-Fi,108190000.00,363157329.00,83
The Hangover,2009,R,male,66,38,0,Comedy,,,277320000.00,357531155.37,73
Deadpool 2,2018,R,male,58,16,3,Action,Adventure,Comedy,324590000.00,357528955.82,66
You Only Live Twice,1967,PG,male,75,7,9,Action,Adventure,Thriller,43080000.00,356750123.35,61
Thor: Ragnarok,2017,PG-13,female,99,50,2,Action,Adventure,Comedy,315060000.00,355508038.27,74
The Fugitive,1993,PG-13,male,91,27,0,Action,Crime,Drama,183880000.00,351966680.42,87
Platoon,1986,R,male,45,3,0,Drama,War,,138530000.00,349597392.06,92
Toy Story,1995,G,male,31,9,0,Animation,Adventure,Comedy,191800000.00,348095604.99,95
Mission: Impossible II,2000,PG-13,male,36,9,0,Action,Adventure,Thriller,215410000.00,345993243.26,59
All the President's Men,1976,PG,male,83,27,0,Drama,History,Thriller,70600000.00,343184242.53,84
Home Alone 2: Lost in New York,1992,PG,male,54,23,0,Adventure,Comedy,Crime,173590000.00,342217280.90,46
Austin Powers: The Spy Who Shagged Me,1999,PG-13,male,72,43,1,Action,Adventure,Comedy,206040000.00,342067212.24,59
Midnight Cowboy,1969,R,male,46,14,0,Drama,,,44790000.00,337559163.76,79
Star Trek,2009,PG-13,male,142,51,0,Action,Adventure,Sci-Fi,257730000.00,332275006.04,82
War of the Worlds,2005,PG-13,male,140,56,1,Action,Adventure,Sci-Fi,234280000.00,331793501.89,73
Lethal Weapon 2,1989,R,male,43,18,0,Action,Crime,Thriller,147250000.00,328449437.50,70
Gravity,2013,PG-13,male,6,1,0,Action,Drama,Sci-Fi,274090000.00,325426061.50,96
X2: X-Men United,2003,PG-13,male,0,0,0,Action,Sci-Fi,Thriller,214950000.00,323113073.64,68
The Godfather: Part II,1974,R,male,81,29,0,Crime,Drama,,57300000.00,321471596.35,90
Batman Returns,1992,PG-13,male,52,13,0,Action,Crime,Fantasy,162830000.00,321004895.72,68
Mission: Impossible,1996,PG-13,male,41,18,0,Action,Adventure,Thriller,180980000.00,319038095.73,59
Apocalypse Now,1979,R,male,50,13,0,Drama,Mystery,War,83470000.00,318001154.68,94
Apollo 13,1995,PG,male,97,18,0,Adventure,Drama,History,173840000.00,315500208.40,77
Easy Rider,1969,R,male,30,19,0,Adventure,Drama,,41730000.00,314497519.62,85
King Kong,2005,PG-13,male,318,85,2,Action,Adventure,Drama,218080000.00,308850635.54,81
The Hobbit: The Desolation of Smaug,2013,PG-13,male,115,33,0,Adventure,Fantasy,,258370000.00,306761762.60,66
The Bourne Ultimatum,2007,PG-13,male,61,8,0,Action,Adventure,Mystery,227470000.00,303500722.77,85
Captain America: The Winter Soldier,2014,PG-13,male,191,52,3,Action,Adventure,Sci-Fi,259770000.00,303500627.41,70
"Good Morning, Vietnam",1987,R,male,37,8,0,Biography,Comedy,Drama,123920000.00,301715747.18,67
Gladiator,2000,R,male,62,5,0,Action,Adventure,Drama,187710000.00,301501284.49,67
The Lego Movie,2014,PG,male,32,3,0,Animation,Adventure,Comedy,257760000.00,301152256.69,83
Terms of Endearment,1983,PG,male,32,13,0,Comedy,Drama,,108420000.00,301082122.29,79
Alien,1979,R,male,8,2,0,Horror,Sci-Fi,,78900000.00,300590524.79,89
There's Something About Mary,1998,R,male,105,32,0,Comedy,Romance,,176480000.00,299462740.61,69
Diamonds Are Forever,1971,PG,male,68,16,0,Action,Adventure,Thriller,43820000.00,299262468.64,59
Psycho,1960,R,male,25,11,0,Horror,Mystery,Thriller,32000000.00,299015135.14,97
Batman Begins,2005,PG-13,male,129,20,0,Action,Adventure,,206850000.00,292946413.98,70
WALL·E,2008,G,male,30,9,0,#N/A,#N/A,#N/A,223810000.00,287517517.59,95
Ocean's Eleven,2001,PG-13,male,103,14,0,Crime,Thriller,,183420000.00,286459369.73,74
The Matrix,1999,R,female,30,11,0,Action,Sci-Fi,,171480000.00,284690766.63,73
Spartacus,1960,PG-13,male,150,28,0,Adventure,Biography,Drama,30000000.00,280326689.19,87
Airplane!,1980,PG,male,57,29,0,Comedy,,,83400000.00,279945662.62,78
A Few Good Men,1992,R,male,28,10,0,Drama,Thriller,,141340000.00,278639267.71,62
A Bug's Life,1998,G,male,48,13,0,Animation,Adventure,Comedy,162800000.00,276249626.99,77
How to Train Your Dragon,2010,PG,male,9,4,0,Animation,Action,Adventure,217580000.00,275985226.82,75
Ratatouille,2007,G,male,19,6,0,Animation,Adventure,Comedy,206450000.00,275454891.70,96
X-Men: Days of Future Past,2014,PG-13,male,0,0,0,Action,Adventure,Sci-Fi,233920000.00,273298944.31,75
True Lies,1994,R,male,50,12,0,Action,Comedy,Thriller,146280000.00,273005660.73,63
Jerry Maguire,1996,R,male,106,61,0,Comedy,Drama,Romance,153950000.00,271388633.21,77
Sherlock Holmes,2009,PG-13,male,57,13,1,Action,Adventure,Mystery,209030000.00,269489172.82,57
Big,1988,PG,female,50,14,0,Comedy,Drama,Fantasy,114970000.00,268803358.66,73
Meet the Parents,2000,PG-13,male,34,7,0,Comedy,Romance,,166240000.00,267016000.93,73
The Martian,2015,PG-13,male,46,20,0,Adventure,Drama,Sci-Fi,228430000.00,266568327.46,80
The Silence of the Lambs,1991,R,male,46,22,0,Crime,Drama,Thriller,130740000.00,265501070.93,85
Planet of the Apes,1968,G,male,39,7,0,Adventure,Sci-Fi,,33400000.00,265461856.32,79
Back to the Future Part II,1989,PG,male,47,15,0,Adventure,Comedy,Sci-Fi,118500000.00,264320939.52,57
Ted,2012,R,male,114,57,1,Comedy,,,218820000.00,263609697.90,62
Elf,2003,PG,male,48,17,0,Adventure,Comedy,Family,173400000.00,260655068.48,64
The Bourne Supremacy,2004,PG-13,male,39,10,0,Action,Mystery,Thriller,176240000.00,258052119.43,73
Fast Five,2011,PG-13,male,51,19,0,Action,Adventure,Crime,209840000.00,258023000.72,66
Mission: Impossible - Ghost Protocol,2011,PG-13,male,0,0,0,Action,Adventure,Thriller,209400000.00,257481968.89,73
Dog Day Afternoon,1975,R,male,44,8,0,Biography,Crime,Drama,50000000.00,257052973.98,86
As Good as It Gets,1997,PG-13,male,43,37,0,Comedy,Drama,Romance,148480000.00,255874982.68,67
Logan,2017,R,male,100,15,0,Action,Drama,Sci-Fi,226280000.00,255330282.80,77
Catch Me If You Can,2002,PG-13,male,132,72,0,Biography,Crime,Drama,164620000.00,253096615.79,75
X-Men,2000,PG-13,male,0,0,0,Action,Adventure,Sci-Fi,157300000.00,252656502.32,64
Total Recall,1990,R,male,39,20,0,Action,Adventure,Sci-Fi,119390000.00,252654634.35,57
Ghostbusters II,1989,PG,male,50,23,0,Action,Comedy,Fantasy,112490000.00,250915295.24,56
Die Hard 2,1990,R,female,82,16,0,Action,Thriller,,117540000.00,248739640.86,67
Dirty Harry,1971,R,male,63,18,0,Action,Crime,Thriller,35900000.00,245173953.09,87
Dawn of the Planet of the Apes,2014,PG-13,male,76,20,0,Action,Adventure,Drama,208550000.00,243658066.16,79
Mission: Impossible - Fallout,2018,PG-13,male,0,0,0,Action,Adventure,Thriller,220160000.00,242501540.14,86
Wayne's World,1992,PG-13,female,40,13,0,Comedy,Music,,121700000.00,239920750.53,57
Good Will Hunting,1997,R,male,50,11,0,Drama,Romance,,138430000.00,238555858.38,70
Dumb and Dumber,1994,PG-13,male,65,22,0,Comedy,,,127180000.00,237358900.27,41
A Star Is Born,2018,R,male,94,37,0,Drama,Music,Romance,215290000.00,237137339.10,88
Coco,2017,PG,male,18,5,0,Animation,Adventure,Comedy,209730000.00,236655560.42,81
The Blair Witch Project,1999,R,male,6,4,0,Horror,Mystery,,140540000.00,233324238.06,81
Basic Instinct,1992,R,male,36,17,0,Drama,Mystery,Thriller,117730000.00,232094247.83,41
Casino Royale,2006,PG-13,male,71,24,0,Action,Adventure,Thriller,167450000.00,229736250.25,80
Mission: Impossible - Rogue Nation,2015,PG-13,male,0,0,0,Action,Adventure,Thriller,195040000.00,227603583.54,75
The Green Mile,1999,R,male,50,8,0,Crime,Drama,Fantasy,136800000.00,227115097.24,61
American Pie 2,2001,R,male,62,31,0,Comedy,,,145100000.00,226612444.38,43
Speed,1994,R,male,55,22,0,Action,Adventure,Thriller,121250000.00,226291607.62,78
From Russia with Love,1963,PG,male,61,27,0,Action,Adventure,Thriller,24800000.00,224163633.99,83
22 Jump Street,2014,R,male,100,41,1,Action,Comedy,Crime,191720000.00,223994842.69,71
The Mask,1994,PG-13,male,39,16,0,Action,Comedy,Crime,119940000.00,223846725.10,56
Live and Let Die,1973,PG,male,28,21,0,Action,Adventure,Thriller,35380000.00,220399072.52,55
Interstellar,2014,PG-13,male,30,14,0,Adventure,Drama,Sci-Fi,188020000.00,219671971.23,74
Poltergeist,1982,PG,male,22,7,0,Horror,Thriller,,76610000.00,219580137.72,79
Rise of the Planet of the Apes,2011,PG-13,male,73,15,0,Action,Drama,Sci-Fi,176760000.00,217347243.65,68
True Grit,2010,PG-13,male,40,15,0,Drama,Western,,171240000.00,217206132.19,80
Quantum of Solace,2008,PG-13,male,76,24,0,Action,Adventure,Thriller,168370000.00,216296521.32,58
American Beauty,1999,R,male,24,19,0,Drama,,,130100000.00,215991770.11,84
Aliens,1986,R,male,26,10,0,Action,Adventure,Sci-Fi,85160000.00,214911671.90,84
The Revenant,2015,R,male,73,3,2,Action,Adventure,Drama,183640000.00,214300256.77,76
Dead Poets Society,1989,PG,male,47,13,0,Comedy,Drama,,95860000.00,213821141.45,79
The Spy Who Loved Me,1977,PG,male,84,19,0,Action,Adventure,Thriller,46800000.00,213603386.14,55
Three Days of the Condor,1975,R,female,35,17,0,Crime,Mystery,Thriller,41510000.00,213405379.00,63
The Truman Show,1998,PG,male,53,26,0,Comedy,Drama,,125620000.00,213160185.15,90
King Kong,1933,Passed,female,318,85,2,Action,Adventure,Drama,10000000.00,212760769.23,90
Dunkirk,2017,PG-13,male,66,16,0,Action,Drama,History,188370000.00,212553320.54,94
The World Is Not Enough,1999,PG-13,male,40,21,0,Action,Adventure,Thriller,126940000.00,210745544.18,57
Bridesmaids,2011,R,male,44,27,0,Comedy,Romance,,169110000.00,207940667.43,75
The Deer Hunter,1978,R,male,41,16,0,Drama,War,,48980000.00,207781123.01,86
A Quiet Place,2018,PG-13,male,7,#N/A,0,Drama,Horror,Sci-Fi,188020000.00,207100016.25,82
When Harry Met Sally...,1989,R,male,31,20,0,Comedy,Drama,Romance,92820000.00,207040249.84,76
How to Train Your Dragon 2,2014,PG,male,12,6,0,Animation,Action,Adventure,177000000.00,206796824.31,77
"Crouching Tiger, Hidden Dragon",2000,PG-13,female,25,5,1,Action,Adventure,Drama,128080000.00,205723107.55,94
Minority Report,2002,PG-13,male,103,51,0,Action,Crime,Mystery,132070000.00,203052302.56,80
Pulp Fiction,1994,R,male,38,19,0,Crime,Drama,,107930000.00,201432191.43,94
Unforgiven,1992,R,male,35,5,2,Drama,Western,,101160000.00,199427963.22,85
Traffic,2000,R,male,111,39,0,Crime,Drama,Thriller,124120000.00,199362524.27,86
Get Out,2017,R,male,37,8,2,Horror,Mystery,Thriller,176040000.00,198640370.27,85
The Ring,2002,PG-13,male,31,10,0,Horror,Mystery,,129130000.00,198532171.04,57
Knocked Up,2007,R,male,42,28,0,Comedy,Romance,,148730000.00,198442267.10,85
The China Syndrome,1979,PG,male,51,15,0,Drama,Thriller,,51720000.00,197041089.26,81
Interview with the Vampire: The Vampire Chronicles,1994,R,male,37,14,0,Drama,Fantasy,Horror,105260000.00,196449110.26,59
Django Unchained,2012,R,male,100,43,1,Drama,Western,,162810000.00,196135156.36,81
Gone Girl,2014,R,male,69,40,1,Drama,Mystery,Thriller,167770000.00,196013012.51,79
In the Line of Fire,1993,R,male,50,15,0,Action,Crime,Drama,102310000.00,195832668.44,74
Die Hard,1988,R,male,58,13,1,Action,Thriller,,83010000.00,194079906.09,72
GoldenEye,1995,PG-13,male,30,12,0,Action,Adventure,Thriller,106600000.00,193467108.92,65
Face/Off,1997,R,male,47,16,0,Action,Crime,Sci-Fi,112230000.00,193405504.49,82
Notting Hill,1999,PG-13,male,53,10,0,Comedy,Drama,Romance,116090000.00,192732395.02,68
Paper Moon,1973,PG,male,31,10,0,Comedy,Crime,Drama,30930000.00,192677877.70,77
Juno,2007,PG-13,male,24,18,0,Comedy,Drama,,143500000.00,191464165.46,81
Mr. Smith Goes to Washington,1939,Passed,male,173,43,0,Comedy,Drama,,9600000.00,191025496.40,73
Us,2019,R,male,22,16,0,Horror,Mystery,Thriller,175080000.00,189414731.93,81
The Bourne Identity,2002,PG-13,male,48,10,0,Action,Mystery,Thriller,121660000.00,187047347.08,68
The Untouchables,1987,R,male,56,6,0,Crime,Drama,Thriller,76270000.00,185699322.45,79
Schindler's List,1993,R,male,100,39,0,Biography,Drama,History,96900000.00,185477329.41,94
John Wick: Chapter 3 - Parabellum,2019,R,male,0,0,0,Action,Crime,Thriller,171020000.00,185022318.11,73
The Naked Gun: From the Files of Police Squad!,1988,PG-13,male,69,22,0,Comedy,Crime,,78760000.00,184143276.75,76
Mission: Impossible III,2006,PG-13,male,55,28,0,Action,Adventure,Thriller,134030000.00,183885038.05,66
Jumanji,1995,PG,male,20,11,0,Adventure,Comedy,Family,100480000.00,182359991.60,39
Se7en,1995,R,male,54,7,0,Crime,Drama,Mystery,100130000.00,181724780.64,65
Scream,1996,R,male,27,14,0,Horror,Mystery,,103050000.00,181660270.55,65
The Departed,2006,R,male,117,37,0,Action,Crime,Drama,132380000.00,181621288.79,85
Slumdog Millionaire,2008,R,male,60,30,0,Drama,Romance,,141320000.00,181546738.69,84
Die Hard with a Vengeance,1995,R,male,88,16,0,Action,Adventure,Thriller,100010000.00,181506994.03,58
X: First Class,2011,PG-13,male,100,13,2,Action,Adventure,Sci-Fi,146410000.00,180028343.20,65
Mad Max: Fury Road,2015,R,male,56,25,0,Action,Adventure,Sci-Fi,154060000.00,179781624.69,90
8 Mile,2002,R,male,38,19,0,Drama,Music,,116720000.00,179452296.16,77
Annie Hall,1977,PG,male,56,29,0,Comedy,Romance,,39200000.00,178915656.77,92
Analyze This,1999,R,male,67,13,0,Comedy,Crime,,106890000.00,177458572.69,61
Ferris Bueller's Day Off,1986,PG-13,male,45,20,0,Comedy,,,70140000.00,177006865.51,61
Witness,1985,R,male,35,16,0,Drama,Romance,Thriller,68710000.00,176621098.42,76
The Naked Gun 2½: The Smell of Fear,1991,PG-13,male,52,22,0,#N/A,#N/A,#N/A,86930000.00,176533640.01,65
Risky Business,1983,R,male,40,14,0,Comedy,Crime,Drama,63500000.00,176339372.49,75
Borat: Cultural Learnings of America for Make Benefit Glorious Nation of Kazakhstan,2006,R,male,12,6,0,Comedy,,,128510000.00,176311767.81,89
Tommy,1975,PG,male,38,6,0,Drama,Musical,,34250000.00,176081287.17,66
Fahrenheit 9/11,2004,R,male,105,29,0,Documentary,Drama,War,119190000.00,174519020.17,67
La La Land,2016,PG-13,male,120,102,3,Comedy,Drama,Music,151100000.00,174130745.77,94
Manhattan,1979,R,male,23,8,0,Comedy,Drama,Romance,45700000.00,174106298.90,83
The Apartment,1960,Approved,male,32,8,0,Comedy,Drama,Romance,18600000.00,173802547.30,94
American Gangster,2007,R,male,149,68,0,Biography,Crime,Drama,130160000.00,173665336.42,76
The Texas Chain Saw Massacre,1974,R,male,14,4,0,Horror,,,30860000.00,173134615.42,78
Wanted,2008,R,male,25,12,0,Action,Crime,Thriller,134510000.00,172798272.16,64
On Her Majesty's Secret Service,1969,PG,male,55,24,0,Action,Adventure,Thriller,22800000.00,171831858.31,61
American Pie,1999,R,male,74,31,0,Comedy,,,102560000.00,170269915.01,58
Black Hawk Down,2001,R,male,42,14,0,Action,Drama,War,108640000.00,169670406.32,74
Walk the Line,2005,PG-13,male,67,34,0,Biography,Drama,Music,119520000.00,169267369.59,72
Sleepy Hollow,1999,R,male,35,10,0,Fantasy,Horror,Mystery,101070000.00,167796219.87,65
Dodgeball: A True Underdog Story,2004,PG-13,male,39,16,0,Comedy,Sport,,114330000.00,167402966.49,55
The Village,2004,PG-13,male,33,16,0,Drama,Mystery,Thriller,114200000.00,167212619.38,44
21 Jump Street,2012,R,male,62,24,0,Action,Comedy,Crime,138450000.00,166788971.18,69
Carrie,1976,R,male,21,11,0,Horror,Mystery,,33800000.00,164300671.35,85
Argo,2012,R,male,192,55,0,Biography,Drama,Thriller,136030000.00,163873627.66,86
Escape from Alcatraz,1979,PG,male,46,11,0,Action,Biography,Crime,43000000.00,163819931.13,76
The Curious Case of Benjamin Button,2008,PG-13,male,96,47,0,Drama,Fantasy,Romance,127510000.00,163805722.12,70
The Conjuring,2013,R,male,40,22,0,Horror,Mystery,Thriller,137400000.00,163134520.96,68
Shutter Island,2010,R,male,61,19,0,Mystery,Thriller,,128010000.00,162371858.10,63
Superbad,2007,R,male,56,31,0,Comedy,,,121460000.00,162057404.44,76
Cape Fear,1991,R,male,25,18,0,Crime,Thriller,,79100000.00,160632818.65,73
Road to Perdition,2002,R,male,47,22,0,Crime,Drama,Thriller,104450000.00,160587665.65,72
Silver Linings Playbook,2012,R,male,84,44,0,Comedy,Drama,Romance,132090000.00,159127159.29,81
Lethal Weapon,1987,R,male,50,15,1,Action,Crime,Thriller,65210000.00,158770851.14,68
The Goonies,1985,PG,male,32,7,0,Adventure,Comedy,Family,61500000.00,158087579.00,62
Born on the Fourth of July,1989,R,male,139,45,0,Biography,Drama,War,70000000.00,156138951.61,75
Enter the Dragon,1973,R,male,50,15,1,Action,Crime,Drama,25000000.00,155737049.55,83
Inglourious Basterds,2009,R,male,64,17,0,Adventure,Drama,War,120540000.00,155404606.48,69
The 40-Year-Old Virgin,2005,R,male,0,0,0,Comedy,Romance,,109450000.00,155005970.56,73
Unbreakable,2000,PG-13,male,53,33,0,Drama,Mystery,Sci-Fi,95010000.00,152605812.37,62
Prometheus,2012,R,male,35,15,0,Adventure,Mystery,Sci-Fi,126480000.00,152368862.95,64
Rango,2011,PG,male,28,7,0,Animation,Action,Adventure,123480000.00,151833206.87,75
The Other Guys,2010,PG-13,male,93,42,1,Action,Comedy,Crime,119220000.00,151222349.21,64
The Others,2001,PG-13,male,12,2,0,Horror,Mystery,Thriller,96520000.00,150741785.88,74
Life of Pi,2012,PG,female,35,6,0,Adventure,Drama,Fantasy,124990000.00,150573878.72,79
The Aviator,2004,PG-13,male,81,31,0,Biography,Drama,,102610000.00,150242441.98,77
Kingsman: The Secret Service,2014,R,male,104,29,0,Action,Adventure,Comedy,128260000.00,149851755.29,60
District 9,2009,R,male,68,28,3,Action,Sci-Fi,Thriller,115650000.00,149100238.42,81
The Last of the Mohicans,1992,R,male,48,9,0,Action,Adventure,Drama,75510000.00,148861264.36,76
Jackass 3D,2010,R,male,59,20,0,Documentary,Action,Comedy,117220000.00,148685487.12,56
Lone Survivor,2013,R,male,52,15,1,Action,Biography,Drama,125100000.00,148530775.64,60
A Fish Called Wanda,1988,R,male,44,7,0,Comedy,Crime,,63490000.00,148441552.07,80
Philadelphia,1993,PG-13,male,74,34,0,Drama,,,77320000.00,147999041.38,66
Collateral,2004,R,male,74,39,0,Action,Crime,Drama,101010000.00,147899708.26,71
The Shining,1980,R,male,40,5,0,Drama,Horror,,44020000.00,147760288.59,66
Dr. No,1962,PG,male,60,19,0,Action,Adventure,Thriller,16070000.00,147178318.87,78
Predator,1987,R,male,9,8,0,Action,Adventure,Horror,59740000.00,145452701.23,45
Field of Dreams,1989,PG,male,45,14,0,Drama,Family,Fantasy,64430000.00,143714752.18,57
JFK,1991,R,male,214,46,0,Drama,History,Thriller,70410000.00,142985546.92,72
Master and Commander: The Far Side of the World,2003,PG-13,male,25,3,0,Action,Adventure,Drama,93930000.00,141195678.10,81
The Godfather: Part III,1990,R,male,75,20,0,Crime,Drama,,66670000.00,141087900.77,60
The Wolf of Wall Street,2013,R,male,250,89,5,Biography,Comedy,Crime,116900000.00,138794945.42,75
Watchmen,2009,R,male,106,40,0,Action,Drama,Mystery,107510000.00,138605850.69,56
Amadeus,1984,R,male,64,46,0,Biography,Drama,Music,51970000.00,138347741.39,88
Taxi Driver,1976,R,male,45,10,0,Crime,Drama,,28260000.00,137370916.34,94
Braveheart,1995,R,female,61,15,0,Biography,Drama,History,75600000.00,137205566.93,68
The Wedding Singer,1998,PG-13,male,49,22,0,Comedy,Music,Romance,80250000.00,136173418.71,59
Groundhog Day,1993,PG,male,43,19,0,Comedy,Fantasy,Romance,70910000.00,135729591.63,72
Black Swan,2010,R,male,43,20,0,Drama,Thriller,,106950000.00,135658700.29,79
Mystic River,2003,R,male,72,25,0,Crime,Drama,Mystery,90140000.00,135498545.98,84
First Blood,1982,R,male,30,8,0,Action,Adventure,,47210000.00,135313644.46,61
Ace Ventura: Pet Detective,1994,PG-13,male,45,15,0,Comedy,,,72220000.00,134785813.63,37
Cool Hand Luke,1967,GP,male,26,12,0,Crime,Drama,,16220000.00,134319568.26,92
Stand by Me,1986,R,male,24,10,0,Adventure,Drama,,52290000.00,131960208.12,75
The Color of Money,1986,R,male,50,7,0,Drama,Sport,,52290000.00,131960208.12,77
For a Few Dollars More,1965,R,male,44,6,0,Western,,,15000000.00,131709047.62,74
Get Shorty,1995,R,male,44,14,0,Comedy,Crime,Thriller,72080000.00,130817159.58,82
Fletch,1985,PG,male,34,21,0,Comedy,Crime,Mystery,50610000.00,130094510.13,68
RoboCop,1987,R,male,59,13,0,Action,Crime,Sci-Fi,53420000.00,130065003.35,67
Misery,1990,R,male,11,7,0,Drama,Thriller,,61280000.00,129681514.31,75
A Fistful of Dollars,1964,R,male,31,9,0,Action,Drama,Western,14500000.00,129372274.19,65
Time Bandits,1981,PG,male,41,7,0,Adventure,Comedy,Fantasy,42370000.00,128922727.50,79
Creed,2015,PG-13,male,205,61,5,Action,Drama,Sport,109770000.00,128097033.25,82
Slap Shot,1977,R,male,55,14,0,Comedy,Drama,Sport,28000000.00,127796897.69,61
Captain Phillips,2013,PG-13,male,63,19,0,Adventure,Biography,Crime,107100000.00,127159441.01,82
Scarface,1983,R,male,72,40,0,Crime,Drama,,45600000.00,126631108.43,65
Blade II,2002,R,male,35,13,0,Action,Horror,Sci-Fi,82350000.00,126609806.28,52
North by Northwest,1959,Approved,male,96,38,0,Adventure,Mystery,Thriller,13280000.00,126223433.68,98
The Girl with the Dragon Tattoo,2011,R,male,84,63,0,Crime,Drama,Mystery,102520000.00,126060417.62,71
Scent of a Woman,1992,R,male,38,11,0,Drama,,,63900000.00,125973179.62,59
Anchorman: The Legend of Ron Burgundy,2004,PG-13,male,57,17,0,Comedy,,,85290000.00,124882349.44,63
Broadcast News,1987,R,male,56,23,0,Comedy,Drama,Romance,51250000.00,124781569.10,84
The Crying Game,1992,R,male,14,5,0,Crime,Drama,Romance,62550000.00,123311774.41,90
The Social Network,2010,PG-13,male,123,70,0,Biography,Drama,,96960000.00,122987074.15,95
A Hard Day's Night,1964,G,male,82,29,0,Comedy,Musical,,13780000.00,122948271.61,96
A.I. Artificial Intelligence,2001,PG-13,male,69,32,0,Drama,Sci-Fi,,78620000.00,122786150.08,65
Heat,1995,R,male,61,26,0,Action,Crime,Drama,67440000.00,122396077.17,76
Baby Driver,2017,R,male,64,17,4,Action,Crime,Drama,107830000.00,121673432.89,86
The Abyss,1989,PG-13,male,35,4,0,Adventure,Drama,Mystery,54460000.00,121476104.35,62
Inside Man,2006,R,male,77,30,0,Crime,Drama,Mystery,88510000.00,121432997.97,76
Pacific Rim,2013,PG-13,male,70,13,2,Action,Adventure,Sci-Fi,101800000.00,120866770.26,65
This Is the End,2013,R,male,55,23,1,Comedy,,,101470000.00,120474962.46,67
Training Day,2001,R,male,38,12,0,Crime,Drama,Thriller,76630000.00,119678233.03,69
Gangs of New York,2002,R,male,127,21,0,Crime,Drama,,77810000.00,119629739.24,72
Edward Scissorhands,1990,PG-13,male,50,20,0,Drama,Fantasy,Romance,56360000.00,119269747.82,74
Rio Bravo,1959,Passed,male,52,11,1,Western,,,12540000.00,119189898.97,93
Blade,1998,R,male,47,10,0,Action,Horror,Sci-Fi,70090000.00,118933270.00,47
Galaxy Quest,1999,PG,male,45,15,0,Adventure,Comedy,Sci-Fi,71580000.00,118836978.51,70
The Fighter,2010,R,male,155,46,1,Biography,Drama,Sport,93620000.00,118750514.46,79
Noah,2014,PG-13,male,102,24,1,Action,Adventure,Drama,101200000.00,118236376.39,68
The Breakfast Club,1985,R,male,13,1,0,Comedy,Drama,,45880000.00,117935904.46,66
Brokeback Mountain,2005,R,female,40,22,0,Drama,Romance,,83040000.00,117603433.49,87
Edge of Tomorrow,2014,PG-13,male,69,23,3,Action,Adventure,Sci-Fi,100210000.00,117079716.18,71
The Town,2010,R,male,102,13,0,Crime,Drama,Thriller,92190000.00,116936658.06,74
Boyz n the Hood,1991,R,male,25,19,0,Crime,Drama,,57500000.00,116768483.85,76
Arrival,2016,PG-13,male,52,22,0,Drama,Sci-Fi,,100550000.00,115875886.74,81
Zero Dark Thirty,2012,R,female,93,15,4,Drama,History,Thriller,95720000.00,115312678.38,95
The Thomas Crown Affair,1999,R,male,85,25,0,Crime,Romance,Thriller,69300000.00,115051726.89,72
Being There,1979,PG,male,38,28,0,Comedy,Drama,,30180000.00,114978733.06,83
Man on Fire,2004,R,male,62,20,0,Action,Crime,Drama,77910000.00,114076490.15,47
Old School,2003,R,male,67,24,0,Comedy,,,75590000.00,113626970.16,54
Full Metal Jacket,1987,R,male,98,12,0,Drama,War,,46360000.00,112875581.34,76
L.A. Confidential,1997,R,male,82,30,0,Crime,Drama,Mystery,64620000.00,111359384.30,90
Awakenings,1990,PG-13,female,53,15,0,Biography,Drama,,52100000.00,110254681.71,74
Bowfinger,1999,PG-13,male,37,11,0,Comedy,,,66380000.00,110203948.50,71
Beowulf,2007,PG-13,male,46,12,0,Animation,Action,Adventure,82160000.00,109621573.76,59
The Fifth Element,1997,PG-13,male,92,32,0,Action,Adventure,Sci-Fi,63540000.00,109498224.67,52
The Great Escape,1963,Approved,male,24,4,0,Adventure,Drama,History,12100000.00,109370160.13,86
The Muppets,2011,PG,male,134,57,0,Adventure,Comedy,Family,88630000.00,108981026.28,75
Revenge of the Nerds,1984,R,male,63,30,0,Comedy,,,40900000.00,108878634.26,44
Tombstone,1993,R,male,62,11,0,Action,Biography,Drama,56510000.00,108166397.16,50
Up in the Air,2009,R,male,88,44,0,Comedy,Drama,Romance,83820000.00,108063830.39,83
Wall Street,1987,R,male,72,24,1,Crime,Drama,,43850000.00,106764327.90,56
The French Connection,1971,R,male,31,11,0,Action,Crime,Drama,15630000.00,106742865.93,94
Invasion of the Body Snatchers,1978,PG,male,24,9,0,Horror,Sci-Fi,,24950000.00,105841956.29,75
Marathon Man,1976,R,male,48,10,0,Crime,Thriller,,21710000.00,105531585.06,64
Kill Bill: Vol. 1,2003,R,male,28,13,0,Action,Crime,Drama,70100000.00,105374396.20,69
The Devil's Advocate,1997,R,female,68,38,0,Drama,Mystery,Thriller,60980000.00,105086587.04,60
Sin City,2005,R,male,54,20,0,Crime,Thriller,,74100000.00,104942370.20,74
Sideways,2004,R,male,25,13,0,Comedy,Drama,Romance,71500000.00,104690913.18,94
Blade Runner 2049,2017,R,male,28,11,1,Action,Drama,Sci-Fi,92050000.00,103867564.66,81
12 Monkeys,1995,R,male,73,16,1,Mystery,Sci-Fi,Thriller,57140000.00,103702726.12,74
Insomnia,2002,R,male,21,4,0,Drama,Mystery,Thriller,67360000.00,103563285.38,78
Cloverfield,2008,PG-13,male,57,11,0,Action,Horror,Sci-Fi,80050000.00,102836232.89,64
The Terminator,1984,R,male,39,11,0,Action,Sci-Fi,,38400000.00,102223461.02,84
The Fly,1986,R,male,6,6,0,Drama,Horror,Sci-Fi,40460000.00,102105756.75,79
Biloxi Blues,1988,PG-13,male,32,12,0,Comedy,Drama,,43180000.00,100956154.02,61
Three Kings,1999,R,male,78,16,0,Action,Adventure,Comedy,60650000.00,100691013.51,82
Westworld,1973,PG,male,40,18,0,Action,Sci-Fi,Thriller,16060000.00,100045480.63,77
V for Vendetta,2005,R,male,81,22,0,Action,Drama,Sci-Fi,70510000.00,99858117.72,62
Jackass Number Two,2006,R,male,68,20,0,Documentary,Action,Comedy,72780000.00,99851921.73,66
Bugsy,1991,R,male,53,16,0,Biography,Crime,Drama,49110000.00,99730438.99,80
Big Fish,2003,PG-13,male,61,24,0,Adventure,Drama,Fantasy,66260000.00,99602104.02,58
Life Is Beautiful,1997,PG-13,male,41,15,0,Comedy,Drama,Romance,57600000.00,99261846.73,59
Goodfellas,1990,R,male,122,40,0,Biography,Crime,Drama,46840000.00,99123402.91,90
No Country for Old Men,2007,R,male,35,16,0,Crime,Drama,Thriller,74280000.00,99107722.72,91
Primal Fear,1996,R,male,47,8,0,Crime,Drama,Mystery,56120000.00,98930367.62,47
Jackass: The Movie,2002,R,male,39,6,1,Documentary,Action,Comedy,64260000.00,98797160.31,42
On the Waterfront,1954,Approved,male,25,9,0,Crime,Drama,Thriller,9600000.00,98708342.01,91
Four Weddings and a Funeral,1994,R,male,48,18,0,Comedy,Drama,Romance,52700000.00,98355197.71,81
Dirty Rotten Scoundrels,1988,PG,male,15,8,0,Comedy,Crime,,42040000.00,98290799.32,68
Zombieland,2009,R,male,45,18,0,Action,Comedy,Horror,75590000.00,97453411.35,73
Hellboy II: The Golden Army,2008,PG-13,male,34,11,0,Action,Adventure,Fantasy,75750000.00,97312237.87,78
Kill Bill: Vol. 2,2004,R,male,43,25,0,Action,Crime,Thriller,66210000.00,96945249.81,83
The Adventures of Tintin,2011,PG,male,16,10,0,Animation,Action,Adventure,77590000.00,95406045.68,68
The Crow,1994,R,male,53,14,0,Action,Fantasy,Thriller,50690000.00,94603889.41,71
Starship Troopers,1997,R,male,76,26,0,Action,Adventure,Sci-Fi,54810000.00,94453851.03,51
Blade Runner,1982,R,male,29,5,0,Action,Drama,Sci-Fi,32870000.00,94212232.44,84
Natural Born Killers,1994,R,male,67,26,0,Action,Crime,Drama,50280000.00,93838697.17,74
An American Werewolf in London,1981,R,male,66,18,0,Comedy,Horror,,30570000.00,93017884.82,55
Moneyball,2011,PG-13,male,131,50,0,Biography,Drama,Sport,75610000.00,92971402.42,87
Austin Powers: International Man of Mystery,1997,PG-13,male,44,34,0,Adventure,Comedy,,53880000.00,92851185.79,51
The Big Sleep,1946,Passed,male,40,10,0,Crime,Film-Noir,Mystery,6540000.00,92763695.38,NA
Eyes Wide Shut,1999,R,male,44,34,1,Drama,Mystery,Thriller,55690000.00,92456431.03,68
The Post,2017,PG-13,male,135,56,1,Drama,,,81900000.00,92414487.19,83
Wayne's World 2,1993,PG-13,male,56,11,0,Comedy,Music,,48200000.00,92260137.02,60
Singin' in the Rain,1952,G,male,109,68,0,Comedy,Musical,Romance,8820000.00,92057169.06,99
The Wild Bunch,1969,R,male,42,16,0,Action,Adventure,Western,12060000.00,90890009.26,97
Hugo,2011,PG,male,50,11,0,Adventure,Drama,Family,73860000.00,90819571.26,83
Bill & Ted's Excellent Adventure,1989,PG,male,45,14,0,Adventure,Comedy,Music,40490000.00,90315230.73,50
Bad Santa,2003,R,male,31,8,0,Comedy,Crime,Drama,60060000.00,90282257.28,70
Commando,1985,R,male,35,9,1,Action,Adventure,Thriller,35100000.00,90225593.87,51
Double Indemnity,1944,Passed,male,23,10,0,Crime,Drama,Film-Noir,5720000.00,89891425.00,95
Midnight Run,1988,R,male,47,14,0,Action,Comedy,Crime,38410000.00,89803748.86,78
Moulin Rouge!,2001,PG-13,male,96,41,0,Drama,Musical,Romance,57390000.00,89629828.97,66
Paddington,2014,PG,male,51,19,0,Animation,Adventure,Comedy,76270000.00,89109569.44,77
Gremlins 2: The New Batch,1990,PG-13,male,52,19,0,Comedy,Fantasy,Horror,41480000.00,87780502.83,69
Point Break,1991,R,female,41,14,0,Action,Crime,Thriller,43220000.00,87769284.73,58
Cinderella Man,2005,PG-13,male,113,21,0,Biography,Drama,History,61650000.00,87310352.53,69
Sleepers,1996,R,male,72,14,0,Crime,Drama,Thriller,49100000.00,86555257.49,49
No Way Out,1987,R,male,58,7,0,Action,Crime,Drama,35510000.00,86458410.12,77
Role Models,2008,R,male,41,32,0,Comedy,,,67290000.00,86444098.83,61
"South Park: Bigger, Longer & Uncut",1999,R,male,13,8,0,Animation,Comedy,Fantasy,52040000.00,86396708.04,73
The Warriors,1979,R,male,96,26,0,Action,Crime,Thriller,22490000.00,85681633.75,65
Final Destination,2000,R,male,30,8,0,Horror,Thriller,,53330000.00,85659067.19,36
The Fisher King,1991,R,male,43,11,0,Comedy,Drama,Fantasy,41900000.00,85088686.49,61
Frenzy,1972,R,male,53,19,0,Thriller,,,12600000.00,83373717.70,92
Little Miss Sunshine,2006,R,male,35,17,0,Comedy,Drama,,59890000.00,82167238.14,80
Saw,2004,R,male,16,2,0,Horror,Mystery,Thriller,56000000.00,81995680.25,46
The Royal Tenenbaums,2001,R,male,70,17,0,Comedy,Drama,,52360000.00,81774139.13,76
Mississippi Burning,1988,R,male,67,19,0,Crime,Drama,History,34600000.00,80895852.92,65
Witness for the Prosecution,1957,Approved,male,62,19,0,Crime,Drama,Mystery,8180000.00,80515943.77,NA
Looper,2012,R,male,67,16,0,Action,Drama,Sci-Fi,66490000.00,80099665.54,84
Crash,2004,R,male,51,20,0,Crime,Drama,Thriller,54580000.00,79916504.08,66
The Full Monty,1997,R,male,29,7,0,Comedy,Drama,,45950000.00,79185448.91,75
Raging Bull,1980,R,male,93,23,0,Biography,Drama,Sport,23380000.00,78478772.09,89
The Lost Boys,1987,R,male,39,11,0,Comedy,Horror,,32220000.00,78448042.08,63
Falling Down,1993,R,male,53,14,0,Action,Crime,Drama,40900000.00,78287128.72,56
Fast Times at Ridgemont High,1982,R,female,45,22,0,Comedy,Drama,,27090000.00,77645554.51,61
Hacksaw Ridge,2016,R,female,100,13,1,Biography,Drama,History,67210000.00,77454185.46,71
Brüno,2009,R,male,51,5,0,#N/A,#N/A,#N/A,60050000.00,77418671.14,54
Cop Land,1997,R,male,70,10,0,Crime,Drama,Thriller,44890000.00,77358755.20,64
Get Him to the Greek,2010,R,male,129,86,0,Comedy,Music,,60970000.00,77336240.83,65
Bill & Ted's Bogus Journey,1991,PG,male,46,13,0,Adventure,Comedy,Fantasy,38040000.00,77249967.40,60
Casino,1995,R,male,140,28,0,Crime,Drama,,42440000.00,77023865.88,73
The Hustler,1961,Not Rated,male,34,2,0,Drama,Sport,,8280000.00,76593876.92,90
Life of Brian,1979,R,male,16,8,0,Comedy,,,20050000.00,76385805.10,77
The Princess Bride,1987,PG,male,13,9,0,Adventure,Family,Fantasy,30860000.00,75136765.32,77
Runaway Jury,2003,PG-13,male,61,30,0,Crime,Drama,Thriller,49440000.00,74318261.74,61
Wag the Dog,1997,R,male,70,31,0,Comedy,Drama,,43020000.00,74136191.78,73
Easy A,2010,PG-13,male,36,26,0,Comedy,Drama,Romance,58400000.00,74076373.04,72
Body Heat,1981,R,male,19,6,0,Crime,Drama,Romance,24060000.00,73209365.68,77
"O Brother, Where Art Thou?",2000,PG-13,male,50,20,0,Adventure,Comedy,Crime,45510000.00,73098521.43,69
The Prestige,2006,PG-13,male,47,12,0,Drama,Mystery,Sci-Fi,53090000.00,72837847.27,66
Prisoners,2013,R,male,48,23,1,Crime,Drama,Mystery,61000000.00,72425078.45,70
Donnie Brasco,1997,R,male,56,19,0,Biography,Crime,Drama,41910000.00,72223333.27,76
The Shape of Water,2017,R,male,38,14,0,Drama,Fantasy,Romance,63860000.00,72058475.60,87
Dead Man Walking,1995,R,male,47,20,0,Crime,Drama,,39390000.00,71488456.10,80
The Lincoln Lawyer,2011,R,male,49,23,0,Crime,Drama,Mystery,58010000.00,71330129.01,63
Private Parts,1997,R,female,97,54,0,Biography,Comedy,Drama,41200000.00,70999793.15,67
Carlito's Way,1993,R,male,90,27,0,Crime,Drama,Thriller,36950000.00,70726391.35,65
Ronin,1998,R,male,33,13,0,Action,Crime,Thriller,41620000.00,70623522.58,67
Final Destination 2,2003,R,male,29,15,0,Horror,Thriller,,46960000.00,70590323.04,38
Zoolander,2001,PG-13,male,102,49,2,Comedy,,,45170000.00,70545031.79,61
Midnight in Paris,2011,PG-13,male,30,15,0,Comedy,Fantasy,Romance,56820000.00,69866883.82,81
Apocalypto,2006,R,female,31,9,0,Action,Adventure,Drama,50870000.00,69792075.55,68
28 Days Later...,2002,R,male,36,2,0,Drama,Horror,Sci-Fi,45060000.00,69277934.07,73
The Grand Budapest Hotel,2014,R,male,77,25,0,Adventure,Comedy,Crime,59100000.00,69049109.13,88
Jackie Brown,1997,R,male,30,14,0,Crime,Drama,Thriller,39670000.00,68363150.34,64
Happy Gilmore,1996,PG-13,male,46,20,0,Comedy,Sport,,38620000.00,68080734.10,31
Atonement,2007,R,male,57,24,0,Drama,Mystery,Romance,50930000.00,67953100.68,85
A Nightmare on Elm Street,1984,R,male,24,8,0,Horror,,,25500000.00,67882767.08,76
Source Code,2011,PG-13,male,28,9,0,Action,Drama,Mystery,54710000.00,67272390.25,74
Munich,2005,R,male,108,41,0,Action,Drama,History,47400000.00,67129127.50,74
Lost in Translation,2003,R,female,38,13,1,Comedy,Drama,,44590000.00,67027736.47,89
Jungle Fever,1991,R,male,34,24,0,Drama,Romance,,32480000.00,65958962.70,78
Michael Clayton,2007,R,male,48,24,0,Crime,Drama,Mystery,49030000.00,65418035.07,82
Napoleon Dynamite,2004,PG,male,100,117,0,Comedy,,,44540000.00,65215849.97,64
Out of Sight,1998,R,male,36,16,0,Comedy,Crime,Drama,37560000.00,63734250.55,85
The Hateful Eight,2015,R,male,11,7,0,Crime,Drama,Mystery,54120000.00,63155793.38,68
Pitch Black,2000,R,male,17,#N/A,0,Action,Horror,Sci-Fi,39240000.00,63027597.91,49
Tenet,2020,PG-13,male,59,22,1,Action,Sci-Fi,Thriller,58460000.00,62475678.93,69
The Thin Red Line,1998,R,male,79,11,0,Drama,History,War,36400000.00,61765887.12,78
"Three Billboards Outside Ebbing, Missouri",2017,R,male,28,15,0,Comedy,Crime,Drama,54510000.00,61508103.75,88
Fight Club,1999,R,male,71,12,0,Drama,,,37030000.00,61477134.87,66
Do the Right Thing,1989,R,male,36,13,0,Comedy,Drama,,27550000.00,61451830.24,93
Kick-Ass,2010,R,male,0,0,0,Action,Comedy,Crime,48070000.00,60973480.34,66
Glory,1989,R,male,59,5,0,Biography,Drama,History,26830000.00,59845829.60,78
The Right Stuff,1983,PG,male,70,16,0,Adventure,Biography,Drama,21500000.00,59705456.83,91
Leaving Las Vegas,1995,R,male,37,8,0,Drama,Romance,,31970000.00,58021983.79,82
The Dead Zone,1983,R,male,29,9,0,Drama,Horror,Sci-Fi,20770000.00,57678248.29,69
The Treasure of the Sierra Madre,1948,Passed,male,29,3,0,Adventure,Drama,Western,5010000.00,57498377.18,98
Man on the Moon,1999,R,male,144,96,1,Biography,Comedy,Drama,34580000.00,57409649.58,58
Raising Arizona,1987,PG-13,male,46,13,0,Comedy,Crime,,22850000.00,55634319.10,69
Thirteen Days,2000,PG-13,male,80,22,0,Drama,History,Thriller,34590000.00,55558731.18,67
Kubo and the Two Strings,2016,PG,male,11,11,0,Animation,Action,Adventure,48020000.00,55339235.02,84
Jacob's Ladder,1990,R,male,43,28,0,Drama,Horror,Mystery,26120000.00,55275475.75,62
Stranger Than Fiction,2006,PG-13,male,58,37,0,Comedy,Drama,Fantasy,40140000.00,55070845.54,67
Manchester by the Sea,2016,R,male,45,28,0,Drama,,,47700000.00,54970460.44,96
The Artist,2011,PG-13,male,74,28,0,Comedy,Drama,Romance,44670000.00,54927027.46,89
Moonrise Kingdom,2012,PG-13,male,62,26,0,Comedy,Drama,Romance,45510000.00,54825323.79,84
Sicario,2015,R,male,89,13,1,Action,Crime,Drama,46890000.00,54718683.51,82
Top Secret!,1984,PG,male,79,16,1,Comedy,Crime,Music,20500000.00,54572420.60,68
Drag Me to Hell,2009,PG-13,male,33,18,0,Horror,,,42100000.00,54276870.19,83
Empire of the Sun,1987,PG,male,46,23,1,Action,Drama,History,22240000.00,54149114.08,62
The Muppet Christmas Carol,1992,G,male,48,21,1,Comedy,Drama,Family,27280000.00,53780099.22,64
There Will Be Blood,2007,R,male,46,13,0,Drama,,,40220000.00,53663336.13,93
The Shawshank Redemption,1994,R,male,61,10,0,Drama,,,28340000.00,52891580.70,80
Spotlight,2015,R,male,102,49,0,Biography,Crime,Drama,45060000.00,52583149.48,93
Almost Famous,2000,R,male,78,38,0,Adventure,Comedy,Drama,32530000.00,52249942.92,90
"The Good, the Bad and the Ugly",1966,R,male,47,8,0,Adventure,Western,,6100000.00,52073854.94,90
Amélie,2001,R,male,54,18,0,#N/A,#N/A,#N/A,33230000.00,51897529.47,69
The Cabin in the Woods,2011,R,male,33,18,0,Horror,Mystery,Thriller,42070000.00,51730021.16,72
Pan's Labyrinth,2006,R,male,24,4,0,Drama,Fantasy,War,37630000.00,51627202.73,98
Eternal Sunshine of the Spotless Mind,2004,R,male,18,1,0,Drama,Romance,Sci-Fi,34400000.00,50368775.01,89
John Wick,2014,R,male,59,20,2,Action,Crime,Thriller,43040000.00,50285510.27,68
Birdman or (The Unexpected Virtue of Ignorance),2014,R,male,79,40,1,Comedy,Drama,,42340000.00,49467669.72,87
End of Watch,2012,R,male,37,20,1,Action,Crime,Drama,41000000.00,49392183.59,68
Children of Men,2006,R,male,69,28,0,Action,Drama,Sci-Fi,35550000.00,48773506.70,84
Snatch,2000,R,male,62,11,0,Comedy,Crime,,30330000.00,48716285.54,55
Hereditary,2018,R,male,23,12,0,Drama,Horror,Mystery,44070000.00,48542164.22,87
Grosse Pointe Blank,1997,R,male,26,17,0,Action,Comedy,Crime,28010000.00,48269519.56,76
The Insider,1999,R,male,60,23,0,Biography,Drama,Thriller,28970000.00,48095938.36,84
Team America: World Police,2004,R,male,12,2,0,Action,Comedy,,32790000.00,48011399.21,64
In the Name of the Father,1993,R,male,84,24,0,Biography,Crime,Drama,25010000.00,47871909.27,84
State of Play,2009,PG-13,male,102,35,0,Crime,Drama,Mystery,37020000.00,47727547.14,64
Chinatown,1974,R,male,47,15,0,Drama,Mystery,Thriller,8490000.00,47631655.38,92
Babel,2006,R,male,117,80,2,Drama,,,34300000.00,47058545.14,69
Deliverance,1972,R,male,17,5,0,Adventure,Drama,Thriller,7060000.00,46715749.76,80
Desperado,1995,R,male,23,7,0,Action,Crime,Thriller,25630000.00,46515591.01,55
Say Anything,1989,PG-13,male,41,17,0,Comedy,Drama,Romance,20780000.00,46350963.06,85
Quiz Show,1994,PG-13,male,85,19,0,Biography,Drama,History,24820000.00,46322125.37,92
Changeling,2008,R,male,84,40,0,Biography,Crime,Drama,35740000.00,45913391.17,63
Boogie Nights,1997,R,male,71,29,0,Drama,,,26400000.00,45495013.08,85
From Dusk Till Dawn,1996,R,male,42,14,0,Action,Crime,Horror,25750000.00,45393032.19,48
August: Osage County,2013,R,male,13,9,0,Comedy,Drama,,37740000.00,44808564.93,58
A History of Violence,2005,R,male,30,7,0,Action,Drama,Thriller,31490000.00,44596966.77,81
To Live and Die in L.A.,1985,R,male,44,11,0,Action,Crime,Drama,17310000.00,44495869.80,81
Zodiac,2007,R,male,97,13,4,Crime,Drama,Mystery,33080000.00,44136826.44,78
Kingpin,1996,PG-13,male,134,53,1,Comedy,Sport,,24940000.00,43965134.86,43
High Fidelity,2000,R,male,45,17,0,Comedy,Drama,Music,27280000.00,43817351.45,79
Fargo,1996,R,male,33,9,0,Crime,Thriller,,24610000.00,43383398.92,85
United 93,2006,R,male,60,25,0,Action,Drama,History,31570000.00,43313069.10,90
Sling Blade,1996,R,male,23,9,0,Drama,,,24480000.00,43154230.21,84
Drive,2011,R,male,21,14,0,Action,Drama,,35060000.00,43110400.33,78
50/50,2011,R,male,32,17,0,Comedy,Drama,Romance,35010000.00,43048919.44,72
12 Angry Men,1957,Approved,male,16,#N/A,2,Crime,Drama,,4360000.00,42915588.61,96
The Player,1992,R,male,66,43,0,Comedy,Crime,Drama,21710000.00,42799338.49,86
A Clockwork Orange,1971,R,male,61,26,0,Crime,Sci-Fi,,6210000.00,42410313.33,77
The Usual Suspects,1995,R,male,35,7,0,Crime,Drama,Mystery,23340000.00,42359496.46,77
Once Upon a Time in the West,1968,PG-13,male,50,6,0,Western,,,5320000.00,42283145.98,80
Angel Heart,1987,X,male,36,28,0,Horror,Mystery,Thriller,17190000.00,41853564.35,61
Blow Out,1981,R,male,46,11,0,Crime,Drama,Mystery,13750000.00,41838270.08,86
The Nice Guys,2016,R,male,69,48,2,Action,Comedy,Crime,36260000.00,41786769.30,70
500 Days of Summer,2009,PG-13,male,51,41,0,Comedy,Drama,Romance,32390000.00,41758380.65,76
The Wizard of Oz,1939,PG,male,79,39,0,Adventure,Family,Fantasy,2080000.00,41388857.55,92
Memento,2000,R,male,9,5,0,Mystery,Thriller,,25540000.00,41022549.71,80
Nurse Betty,2000,R,male,31,16,0,Comedy,Crime,Drama,25170000.00,40428252.79,69
Scott Pilgrim vs. the World,2010,PG-13,male,47,14,0,Action,Comedy,Fantasy,31490000.00,39942893.61,69
The Maltese Falcon,1941,Passed,male,15,7,0,Crime,Film-Noir,Mystery,2110000.00,39700870.07,97
The Thing,1982,R,male,17,2,0,Horror,Mystery,Sci-Fi,13780000.00,39496335.96,57
Garden State,2004,R,male,41,15,0,Comedy,Drama,Romance,26780000.00,39211505.66,67
Rounders,1998,R,male,52,24,0,Crime,Drama,,22910000.00,38875177.85,54
The Iron Giant,1999,PG,male,29,2,0,Animation,Action,Adventure,23160000.00,38450187.52,85
28 Weeks Later,2007,R,male,43,18,0,Horror,Sci-Fi,,28640000.00,38212778.39,78
Side Effects,2013,R,male,52,39,3,Crime,Drama,Mystery,32170000.00,38195324.16,75
Being John Malkovich,1999,R,male,55,23,0,Comedy,Drama,Fantasy,22860000.00,37952128.09,90
Mad Max 2: The Road Warrior,1981,R,male,20,7,0,Action,Adventure,Sci-Fi,12470000.00,37943507.48,77
Nightcrawler,2014,R,male,35,18,1,Crime,Drama,Thriller,32380000.00,37830967.07,76
Magnolia,1999,R,male,90,31,0,Drama,,,22460000.00,37288048.86,77
The Descent,2005,R,male,16,2,0,Adventure,Horror,Thriller,26020000.00,36850208.81,71
Patriots Day,2016,R,male,221,75,3,Action,Crime,Drama,31890000.00,36750691.48,69
Léon: The Professional,1994,R,male,64,12,0,#N/A,#N/A,#N/A,19500000.00,36393289.47,64
Serenity,2005,PG-13,male,40,8,0,Action,Adventure,Sci-Fi,25510000.00,36127933.38,74
The People vs. Larry Flynt,1996,R,male,81,27,0,Biography,Drama,,20190000.00,35591662.91,79
The Life Aquatic with Steve Zissou,2004,R,male,64,13,0,Action,Adventure,Comedy,24010000.00,35155647.91,62
Thank You for Smoking,2005,R,male,35,30,0,Comedy,Drama,,24790000.00,35108250.44,71
Das Boot,1981,R,male,36,6,0,Adventure,Drama,Thriller,11490000.00,34961579.87,86
Thief,1981,R,male,36,16,0,Action,Crime,Drama,11490000.00,34961579.87,78
Hotel Rwanda,2004,PG-13,male,28,10,0,Biography,Drama,History,23530000.00,34452827.79,79
Adaptation.,2002,R,male,40,12,0,Comedy,Drama,,22250000.00,34208478.32,83
Lord of War,2005,R,male,52,23,0,Action,Crime,Drama,24150000.00,34201865.59,62
The Mist,2007,R,male,47,17,0,Horror,Sci-Fi,Thriller,25590000.00,34143330.97,58
"I, Tonya",2017,R,male,58,48,1,Biography,Comedy,Drama,30010000.00,33862744.33,77
Machete,2010,R,male,54,20,0,Action,Crime,Thriller,26590000.00,33727581.49,60
The Wrestler,2008,R,male,95,29,0,Drama,Sport,,26240000.00,33709216.13,80
Mad Max,1979,R,male,48,12,0,Action,Adventure,Sci-Fi,8750000.00,33335451.10,73
Bowling for Columbine,2002,R,male,66,18,0,Documentary,Crime,Drama,21580000.00,33178380.32,72
A Bronx Tale,1993,R,male,89,18,0,Crime,Drama,,17270000.00,33056692.25,80
My Left Foot,1989,R,male,40,29,0,Biography,Drama,,14740000.00,32878402.10,97
Miracle on 34th Street,1947,Not Rated,male,47,19,1,Comedy,Drama,Family,2650000.00,32868199.55,88
Deep Cover,1992,R,male,42,19,0,Action,Crime,Thriller,16640000.00,32804283.39,67
Sicko,2007,PG-13,male,12,2,0,Documentary,Drama,,24540000.00,32742373.66,74
Molly's Game,2017,R,male,77,28,0,Biography,Crime,Drama,28780000.00,32474834.45,71
Dallas Buyers Club,2013,R,male,65,28,0,Biography,Drama,,27300000.00,32413190.85,79
Rush,2013,R,male,156,43,1,Action,Biography,Drama,26950000.00,31997637.12,74
Eraserhead,1977,Not Rated,male,18,3,0,Fantasy,Horror,Thriller,7000000.00,31949224.42,87
Piranha 3D,2010,R,male,43,25,0,Comedy,Fantasy,Horror,25000000.00,31710776.13,53
Hot Fuzz,2007,R,male,44,17,0,Action,Comedy,Mystery,23640000.00,31541553.11,81
Wonder Boys,2000,R,male,34,11,1,Comedy,Drama,,19390000.00,31144371.14,73
Hell or High Water,2016,R,male,38,26,1,Action,Crime,Drama,26860000.00,30954016.09,88
The World's End,2013,R,male,72,17,0,Comedy,Sci-Fi,,26000000.00,30869705.57,81
Wild at Heart,1990,R,male,38,14,0,Comedy,Crime,Drama,14560000.00,30812056.92,52
Vertigo,1958,PG,male,33,22,0,Mystery,Romance,Thriller,3200000.00,30625771.63,100
Her,2013,R,male,43,47,0,Drama,Romance,Sci-Fi,25570000.00,30359168.13,91
Citizen Kane,1941,PG,male,200,53,0,Drama,Mystery,,1590000.00,29916769.39,100
Tinker Tailor Soldier Spy,2011,R,male,49,12,0,Drama,Mystery,Thriller,24150000.00,29695270.05,85
The Big Lebowski,1998,R,male,40,7,0,Comedy,Crime,Sport,17500000.00,29695138.04,71
Boyhood,2014,R,male,66,39,1,Drama,,,25380000.00,29652561.59,100
Midsommar,2019,R,male,29,13,0,Drama,Horror,Mystery,27330000.00,29567652.64,72
Top Five,2014,R,male,94,60,4,Comedy,Romance,,25280000.00,29535727.22,81
Trainspotting,1996,R,male,31,4,0,Drama,,,16500000.00,29086797.32,83
Rushmore,1998,R,male,56,10,0,Comedy,Drama,Romance,17110000.00,29033360.67,86
The Contender,2000,R,male,54,25,0,Drama,Thriller,,17870000.00,28702935.13,59
The Man with Two Brains,1983,R,male,28,16,0,Comedy,Romance,Sci-Fi,10100000.00,28047679.72,61
Cinema Paradiso,1988,R,male,29,2,0,Drama,Romance,,11990000.00,28032984.87,80
Big Trouble in Little China,1986,PG-13,male,46,9,0,Action,Adventure,Comedy,11100000.00,28012207.12,53
Go,1999,R,male,34,12,0,Comedy,Crime,,16840000.00,27957735.65,72
A Simple Plan,1998,R,male,22,11,0,Crime,Drama,Thriller,16310000.00,27675868.65,82
Bringing Out the Dead,1999,R,male,52,35,0,Drama,Thriller,,16640000.00,27625696.04,70
Punch-Drunk Love,2002,R,male,0,0,0,Comedy,Drama,Romance,17840000.00,27428281.05,78
Willy Wonka & the Chocolate Factory,1971,G,female,32,14,0,Family,Fantasy,Musical,4000000.00,27317432.10,67
After Hours,1985,R,male,25,12,0,Comedy,Crime,Drama,10600000.00,27247615.24,90
Gone Baby Gone,2007,R,male,65,27,0,Crime,Drama,Mystery,20300000.00,27085174.63,72
Fantastic Mr. Fox,2009,PG,male,21,9,0,Animation,Adventure,Comedy,21000000.00,27073973.25,83
Mud,2012,PG-13,male,20,5,0,Drama,,,21590000.00,26009201.07,76
The Place Beyond the Pines,2012,R,male,72,30,0,Crime,Drama,Thriller,21380000.00,25756216.71,68
Brazil,1985,R,male,65,13,0,Drama,Sci-Fi,,9930000.00,25525360.32,84
The Conversation,1974,PG,male,17,5,0,Drama,Mystery,Thriller,4420000.00,24797634.48,85
Election,1999,R,male,28,11,0,Comedy,Romance,,14880000.00,24703747.42,83
Nixon,1995,R,male,135,36,0,Biography,Drama,History,13560000.00,24609887.40,66
Confessions of a Dangerous Mind,2002,R,male,72,38,0,Biography,Comedy,Crime,16000000.00,24599355.20,67
21 Grams,2003,R,male,41,13,0,Crime,Drama,Thriller,16290000.00,24487145.71,70
Dark City,1998,R,male,47,10,0,Fantasy,Mystery,Sci-Fi,14380000.00,24400919.14,66
Rocky II,1979,PG,male,55,16,0,Drama,Sport,,6390000.00,24344403.72,61
American Psycho,2000,R,female,24,22,0,Crime,Drama,Horror,15070000.00,24205553.02,64
The Last King of Scotland,2006,R,male,35,10,0,Biography,Drama,History,17610000.00,24160378.42,74
In America,2002,PG-13,male,28,10,0,Drama,,,15540000.00,23892123.74,76
Frost/Nixon,2008,R,male,81,28,0,Biography,Drama,History,18590000.00,23881643.59,80
True Romance,1993,R,male,36,5,0,Crime,Drama,Romance,12280000.00,23505279.72,59
127 Hours,2010,R,male,29,11,0,Biography,Drama,,18340000.00,23263025.37,82
Wolf Creek,2005,R,male,33,9,0,Horror,Thriller,,16190000.00,22928704.10,54
Eastern Promises,2007,R,male,42,9,0,Crime,Drama,Thriller,17110000.00,22828932.90,82
You're Next,2011,R,male,14,2,0,Horror,Thriller,,18470000.00,22711040.90,66
Army of Darkness,1992,R,male,35,15,0,Comedy,Horror,,11500000.00,22671229.51,59
Splice,2009,R,male,5,3,0,Drama,Horror,Sci-Fi,17000000.00,21917025.97,66
The Hurt Locker,2008,R,female,28,11,0,Drama,Thriller,War,17020000.00,21864743.08,95
Manhunter,1986,R,male,56,15,0,Crime,Mystery,Thriller,8620000.00,21753623.91,75
Monsoon Wedding,2001,R,female,43,18,1,Comedy,Drama,Romance,13880000.00,21677331.00,77
Angela's Ashes,1999,R,male,80,28,0,Biography,Drama,,13040000.00,21648982.95,54
Dawn of the Dead,1978,Unrated,male,132,48,1,Horror,Thriller,,5100000.00,21635029.14,71
Blue Velvet,1986,R,male,19,12,0,Drama,Mystery,Thriller,8550000.00,21576970.35,76
Touch of Evil,1958,PG-13,male,28,16,0,Crime,Drama,Film-Noir,2240000.00,21438040.14,99
Gattaca,1997,PG-13,male,27,12,0,Drama,Sci-Fi,Thriller,12340000.00,21265472.02,64
Glengarry Glen Ross,1992,R,male,19,1,0,Crime,Drama,Mystery,10730000.00,21153242.84,82
The Omen,1976,R,male,32,11,0,Horror,Mystery,,4270000.00,20756327.42,62
Steve Jobs,2015,R,male,164,68,3,Biography,Drama,,17770000.00,20736852.34,82
Chasing Amy,1997,R,male,27,10,0,Comedy,Drama,Romance,12020000.00,20714017.32,71
Adventureland,2009,R,male,56,25,0,Comedy,Drama,Romance,16030000.00,20666466.25,76
Dope,2015,R,male,29,15,1,Adventure,Comedy,Crime,17470000.00,20386764.79,72
25th Hour,2002,R,male,57,19,0,Drama,,,13060000.00,20079223.68,68
Young Adult,2011,R,male,33,3,4,Comedy,Drama,,16310000.00,20055066.44,71
Shaun of the Dead,2004,R,male,80,22,0,Comedy,Horror,,13540000.00,19825384.12,76
The Master,2012,R,male,131,58,1,Drama,,,16380000.00,19732779.69,86
The Ghost Writer,2010,PG-13,male,43,18,0,Crime,Drama,Mystery,15540000.00,19711418.44,77
Youth in Revolt,2009,R,male,35,5,0,Comedy,Drama,Romance,15280000.00,19699538.63,63
Michael Collins,1996,R,male,59,11,0,Biography,Drama,Thriller,11090000.00,19549853.47,60
Mean Streets,1973,R,male,27,1,0,Crime,Drama,Thriller,3130000.00,19498278.60,96
Detroit,2017,R,female,120,17,3,Crime,Drama,History,16790000.00,18945534.06,77
Letters from Iwo Jima,2006,R,male,54,9,0,Action,Adventure,Drama,13760000.00,18878296.83,89
Capitalism: A Love Story,2009,R,male,54,16,0,Documentary,Crime,History,14360000.00,18513440.76,61
Sleeper,1973,PG,male,27,7,0,Comedy,Sci-Fi,,2910000.00,18127792.57,77
Fear and Loathing in Las Vegas,1998,R,male,62,25,0,Adventure,Comedy,Drama,10680000.00,18122518.53,41
Seven Psychopaths,2012,R,male,38,16,0,Comedy,Crime,,15020000.00,18094404.82,66
Casablanca,1942,PG,male,85,28,0,Drama,Romance,War,1020000.00,17308023.31,100
It Follows,2014,R,male,107,101,4,Horror,Mystery,Thriller,14670000.00,17139601.20,83
Room,2015,R,male,20,8,1,Drama,Thriller,,14680000.00,17130950.61,86
Shoot 'Em Up,2007,R,male,34,6,0,Action,Thriller,,12810000.00,17091679.16,49
Spring Breakers,2012,R,female,35,26,1,Crime,Drama,,14120000.00,17010186.15,63
The Edge of Seventeen,2016,R,female,20,10,1,Comedy,Drama,,14430000.00,16629428.60,77
Rachel Getting Married,2008,R,male,58,48,0,Drama,Romance,,12800000.00,16443520.06,82
Local Hero,1983,PG,male,33,12,0,Comedy,Drama,,5900000.00,16384288.15,82
The Tree of Life,2011,PG-13,male,40,18,0,Drama,Fantasy,,13300000.00,16353916.84,85
The Intouchables,2011,R,male,34,7,0,Biography,Comedy,Drama,13180000.00,16206362.70,57
Narc,2002,R,male,28,10,0,Crime,Drama,Mystery,10460000.00,16081828.46,70
Spirited Away,2001,PG,male,37,40,1,Animation,Adventure,Family,10060000.00,15711379.67,96
Lords of Dogtown,2005,PG-13,female,78,29,0,Biography,Drama,Sport,11010000.00,15592651.77,56
The Lives of Others,2006,R,male,24,16,0,Drama,Mystery,Thriller,11290000.00,15489532.79,89
Whiplash,2014,R,male,45,12,0,Drama,Music,,13090000.00,15293618.25,88
"Play It Again, Sam",1972,PG,male,20,3,0,Comedy,Romance,,2300000.00,15219011.96,77
Southern Comfort,1981,R,male,18,7,0,Action,Thriller,,5000000.00,15213916.39,63
Roger & Me,1989,R,male,22,6,0,Documentary,,,6710000.00,14967033.79,70
Kinsey,2004,R,male,60,30,0,Biography,Drama,Romance,10210000.00,14949569.56,79
Day of the Dead,1985,Not Rated,male,78,17,1,Horror,Thriller,,5800000.00,14909072.49,60
Mona Lisa,1986,R,male,30,6,0,Crime,Drama,Romance,5790000.00,14611772.90,85
Save the Tiger,1973,R,male,15,12,0,Drama,,,2330000.00,14514693.02,NA
Evil Dead II,1987,R,male,19,7,0,Comedy,Horror,,5920000.00,14413792.96,72
Strange Days,1995,R,female,67,24,0,Crime,Drama,Sci-Fi,7920000.00,14373916.54,66
Once Upon a Time in America,1984,R,male,68,15,0,Crime,Drama,,5320000.00,14162208.66,75
The Taking of Pelham One Two Three,1974,R,male,54,21,0,Action,Crime,Thriller,2490000.00,13969708.11,68
Three Identical Strangers,2018,PG-13,male,33,14,0,Documentary,Biography,Drama,12320000.00,13570217.00,81
Bugsy Malone,1976,G,male,35,21,0,Comedy,Crime,Family,2780000.00,13513487.17,71
Kids,1995,Unrated,male,67,22,0,Drama,,,7420000.00,13466472.31,63
The Girl with the Dragon Tattoo,2009,R,male,84,63,0,Crime,Drama,Mystery,10100000.00,13021291.90,76
This Is Spinal Tap,1984,R,male,48,15,0,Comedy,Music,,4740000.00,12618208.47,92
Once,2007,R,male,30,5,0,Drama,Music,Romance,9440000.00,12595273.32,88
Win Win,2011,R,male,41,17,0,Comedy,Drama,Sport,10180000.00,12517509.28,75
Blue Valentine,2010,R,male,21,13,0,Drama,Romance,,9740000.00,12354518.38,81
Nocturnal Animals,2016,R,male,42,26,0,Drama,Thriller,,10640000.00,12261754.70,67
A Serious Man,2009,R,male,50,25,0,Comedy,Drama,,9190000.00,11848086.39,84
The Man Who Wasn't There,2001,R,male,50,13,0,Crime,Drama,,7490000.00,11697637.55,73
Short Cuts,1993,R,male,51,18,0,Comedy,Drama,,6110000.00,11695216.54,79
City of God,2002,R,male,140,12,0,Crime,Drama,,7560000.00,11623195.33,79
The Last Seduction,1994,R,male,19,3,0,Crime,Drama,Romance,6140000.00,11459220.38,85
American History X,1998,R,male,44,12,0,Drama,,,6720000.00,11402933.01,62
Bernie,2011,PG-13,male,95,66,0,Biography,Comedy,Crime,9200000.00,11312483.83,75
Mulholland Drive,2001,R,male,57,21,0,Drama,Mystery,Thriller,7220000.00,11275960.36,85
Sexy Beast,2000,R,male,27,5,0,Crime,Drama,Thriller,6950000.00,11163144.89,79
Ed Wood,1994,R,male,68,43,0,Biography,Comedy,Drama,5890000.00,10992639.74,70
Affliction,1997,R,male,22,8,0,Drama,Mystery,Thriller,6300000.00,10856764.49,79
Miller's Crossing,1990,R,male,31,14,0,Crime,Drama,Thriller,5080000.00,10750360.52,66
The Squid and the Whale,2005,R,male,29,16,0,Comedy,Drama,,7360000.00,10423425.70,82
The Lobster,2015,R,male,30,13,0,Comedy,Drama,Romance,8700000.00,10152538.85,82
The Rules of Attraction,2002,R,male,57,36,0,Comedy,Drama,Romance,6530000.00,10039611.84,50
In Bruges,2008,R,male,14,17,0,Comedy,Crime,Drama,7760000.00,9968884.04,67
Amy,2015,R,male,39,17,0,Documentary,Biography,Music,8410000.00,9814120.89,85
The Way of the Gun,2000,R,male,21,#N/A,0,Action,Crime,Drama,6060000.00,9733619.86,49
Bug,2006,R,male,7,#N/A,0,Drama,Horror,Thriller,7010000.00,9617504.41,62
The Orphanage,2007,R,male,14,8,0,Drama,Horror,Mystery,7160000.00,9553194.60,74
Arbitrage,2012,R,male,44,22,0,Drama,Thriller,,7920000.00,9541124.25,73
Before the Devil Knows You're Dead,2007,R,male,26,18,0,Crime,Drama,Thriller,7080000.00,9446454.99,85
American Splendor,2003,R,female,28,21,0,Biography,Comedy,Drama,6000000.00,9019206.52,90
A Separation,2011,PG-13,male,26,13,0,Drama,,,7100000.00,8730286.43,95
Incendies,2010,R,male,54,29,0,Drama,Mystery,War,6860000.00,8701436.97,80
Amores perros,2000,R,male,35,11,0,Drama,Thriller,,5380000.00,8641398.49,83
Tell No One,2006,Not Rated,male,44,19,1,Crime,Drama,Mystery,6180000.00,8478769.94,82
Winter's Bone,2010,R,female,23,9,0,Drama,Mystery,,6530000.00,8282854.73,90
The Secret in Their Eyes,2009,R,male,23,7,1,Drama,Mystery,Romance,6390000.00,8238223.29,80
Near Dark,1987,R,female,28,6,0,Action,Crime,Drama,3370000.00,8205149.03,76
Twin Peaks: Fire Walk with Me,1992,R,male,56,25,0,Drama,Horror,Mystery,4160000.00,8201070.85,45
The Spectacular Now,2013,R,male,22,22,0,Comedy,Drama,Romance,6850000.00,8132980.12,82
The Virgin Suicides,1999,R,female,41,26,0,Drama,Romance,,4860000.00,8068562.67,76
Downfall,2004,R,male,69,27,0,Biography,Drama,History,5510000.00,8067789.25,82
Swingers,1996,R,male,39,33,0,Comedy,Drama,,4510000.00,7950391.27,71
The Irishman,2019,R,male,360,112,1,Biography,Crime,Drama,7000000.00,7573127.28,94
Three Colors: Red,1994,R,male,15,8,0,Drama,Mystery,Romance,4040000.00,7539943.05,100
Rescue Dawn,2006,PG-13,male,28,7,0,Action,Biography,Drama,5490000.00,7532111.16,77
The Evil Dead,1981,NC-17,male,18,10,0,Horror,,,2400000.00,7302679.87,71
The King of Comedy,1982,PG,male,59,22,0,Comedy,Crime,Drama,2500000.00,7165518.13,73
Breaking the Waves,1996,R,male,23,10,0,Drama,,,4040000.00,7121858.25,76
Ong-Bak: The Thai Warrior,2003,R,male,0,0,0,Action,Crime,Thriller,4560000.00,6854596.96,69
Captain Fantastic,2016,R,male,35,15,0,Comedy,Drama,,5880000.00,6776232.86,72
Bound,1996,R,female,9,5,0,Crime,Thriller,,3800000.00,6698777.57,61
"Paris, je t'aime",2006,R,male,42,38,0,Comedy,Drama,Romance,4860000.00,6667770.54,66
"Lock, Stock and Two Smoking Barrels",1998,R,male,37,8,0,Action,Comedy,Crime,3900000.00,6617773.62,66
The Guard,2011,R,male,30,9,0,Comedy,Crime,Thriller,5360000.00,6590751.45,78
Margin Call,2011,R,male,20,5,0,Drama,Thriller,,5350000.00,6578455.27,76
Lost Highway,1997,R,male,31,18,0,Mystery,Thriller,,3800000.00,6548524.61,52
Moon,2009,R,male,11,2,0,Drama,Mystery,Sci-Fi,5010000.00,6459076.48,67
The Fog of War,2003,PG-13,male,11,1,0,Documentary,Biography,History,4200000.00,6313444.57,87
House of Games,1987,R,male,21,7,0,Crime,Thriller,,2590000.00,6306034.42,78
Secretary,2002,R,male,22,8,0,Comedy,Drama,Romance,4060000.00,6242086.38,63
Don't Look Now,1973,R,male,9,5,0,Drama,Horror,Mystery,980000.00,6104892.34,95
Kiss Kiss Bang Bang,2005,R,male,39,17,0,Comedy,Crime,Mystery,4240000.00,6004799.59,72
The Long Goodbye,1973,R,male,26,9,0,Comedy,Crime,Drama,960000.00,5980302.70,87
Persepolis,2007,PG-13,male,22,7,0,Animation,Biography,Drama,4450000.00,5937390.50,90
His Girl Friday,1940,Passed,male,24,11,0,Comedy,Drama,Romance,300000.00,5926907.14,NA
Crumb,1994,R,male,16,3,0,Documentary,Biography,Comedy,3170000.00,5916242.44,93
Clerks,1994,R,male,39,11,0,Comedy,,,3150000.00,5878915.99,70
Requiem for a Dream,2000,R,male,62,17,0,Drama,,,3640000.00,5846596.75,68
"Paris, Texas",1984,R,male,11,8,0,Drama,,,2180000.00,5803311.07,78
Blood Simple,1984,R,male,17,#N/A,0,Crime,Drama,Thriller,2150000.00,5723448.99,83
Heavenly Creatures,1994,R,male,26,13,0,Biography,Crime,Drama,3050000.00,5692283.74,86
The Sweet Hereafter,1997,R,male,23,2,0,Drama,,,3250000.00,5600711.84,91
Reservoir Dogs,1992,R,male,26,1,1,Crime,Drama,Thriller,2830000.00,5579093.87,79
Snowpiercer,2013,R,male,43,2,1,Action,Drama,Sci-Fi,4560000.00,5414071.44,84
King of New York,1990,R,male,54,11,0,Crime,Thriller,,2550000.00,5396342.39,66
Shallow Grave,1994,R,male,24,5,0,Crime,Thriller,,2880000.00,5375008.91,67
I'm Not There,2007,R,male,96,32,0,Biography,Drama,Music,4020000.00,5363665.12,73
The Hudsucker Proxy,1994,PG,male,72,14,0,Comedy,Drama,Fantasy,2870000.00,5356345.68,53
The Limey,1999,R,male,36,8,0,Crime,Drama,Mystery,3190000.00,5296031.87,73
The Third Man,1949,Approved,female,46,6,0,Film-Noir,Mystery,Thriller,450000.00,5229623.95,97
Re-Animator,1985,Unrated,male,0,0,0,Comedy,Horror,Sci-Fi,2020000.00,5192470.07,73
Caché (Hidden),2005,R,male,27,7,0,#N/A,#N/A,#N/A,3630000.00,5140901.54,84
Goon,2011,R,male,65,17,0,Comedy,Drama,Sport,4170000.00,5127506.26,64
The Raid: Redemption,2011,R,male,98,12,9,Action,Thriller,,4110000.00,5053729.19,73
Shame,2011,NC-17,male,23,7,0,Drama,,,4000000.00,4918471.23,72
When We Were Kings,1996,PG,male,27,8,0,Documentary,Sport,,2790000.00,4918313.00,83
Sunshine,2007,R,male,13,1,0,Sci-Fi,Thriller,,3680000.00,4910021.80,64
Happiness,1998,NC-17,male,22,20,0,Comedy,Drama,,2810000.00,4768190.74,81
Capturing the Friedmans,2003,Not Rated,male,21,#N/A,0,Documentary,Biography,Crime,3120000.00,4689987.39,90
Grizzly Man,2005,R,male,12,4,0,Documentary,Biography,,3170000.00,4489437.43,87
A Monster Calls,2016,PG-13,male,18,3,0,Adventure,Drama,Family,3730000.00,4298528.67,76
Exit Through the Gift Shop,2010,R,male,33,10,0,Documentary,Comedy,Crime,3290000.00,4173138.14,85
Princess Mononoke,1997,PG-13,male,59,39,0,Animation,Action,Adventure,2380000.00,4101444.36,76
Catfish,2010,PG-13,male,12,#N/A,0,Documentary,Drama,Mystery,3230000.00,4097032.28,65
State of Grace,1990,R,male,40,7,0,Action,Crime,Drama,1910000.00,4041966.26,60
Buffalo '66,1998,R,male,28,11,0,Comedy,Drama,Romance,2380000.00,4038538.77,68
El Mariachi,1992,R,male,22,21,0,Action,Crime,Thriller,2040000.00,4021678.97,73
"Synecdoche, New York",2008,R,male,37,34,0,Drama,,,3080000.00,3956722.02,67
Bad Lieutenant,1992,NC-17,male,31,15,0,Crime,Drama,Thriller,2000000.00,3942822.52,70
The Skin I Live In,2011,R,male,16,12,0,Drama,Horror,Thriller,3190000.00,3922480.81,70
What We Do in the Shadows,2014,R,male,41,21,0,Comedy,Horror,,3330000.00,3890584.32,76
Choke,2008,R,male,34,14,0,Comedy,Drama,,2930000.00,3764024.51,47
Withnail & I,1987,R,male,11,6,0,Comedy,Drama,,1540000.00,3749533.98,84
Sing Street,2016,PG-13,male,18,8,0,Comedy,Drama,Music,3240000.00,3733842.60,79
Half Nelson,2006,R,male,31,8,0,Drama,,,2690000.00,3690597.27,85
Crash,1996,NC-17,male,51,20,0,Crime,Drama,Thriller,2040000.00,3596185.85,50
Layer Cake,2004,R,male,40,5,0,Action,Crime,Drama,2340000.00,3426248.07,73
Auto Focus,2002,R,male,44,23,1,Biography,Crime,Drama,2060000.00,3167166.98,66
The Butcher Boy,1997,R,male,41,9,0,Comedy,Drama,,1820000.00,3136398.63,NA
The Raid 2,2014,R,male,49,19,3,Action,Crime,Thriller,2630000.00,3072743.77,71
In the Loop,2009,Not Rated,male,36,8,0,Comedy,,,2380000.00,3068383.64,83
Ruby Sparks,2012,R,male,30,7,0,Comedy,Drama,Fantasy,2540000.00,3059906.01,67
Redbelt,2008,R,male,76,23,0,Drama,Sport,,2340000.00,3006081.01,69
Waltz with Bashir,2008,R,male,5,4,0,Documentary,Animation,Biography,2280000.00,2929002.01,91
Brick,2005,R,male,17,2,0,Action,Crime,Drama,2060000.00,2917426.22,72
The Queen of Versailles,2012,PG,female,15,1,0,Documentary,,,2400000.00,2891249.77,80
The Thin Blue Line,1988,Not Rated,male,25,2,0,Documentary,Crime,,1210000.00,2829016.82,79
No,2012,R,male,46,24,0,Drama,,,2340000.00,2818968.53,81
Seven Samurai,1954,Not Rated,female,68,22,10,Action,Adventure,Drama,270000.00,2776172.12,98
Three Colors: White,1994,R,male,27,16,0,Comedy,Drama,Romance,1460000.00,2724830.90,88
Let the Right One In,2008,R,male,32,6,0,Crime,Drama,Fantasy,2120000.00,2723458.01,82
The Proposition,2005,R,male,24,9,0,Crime,Drama,Western,1900000.00,2690830.01,73
A Prophet,2009,R,male,46,13,0,Crime,Drama,,2080000.00,2681612.59,90
Hearts of Darkness: A Filmmaker's Apocalypse,1991,R,male,16,11,0,Documentary,,,1320000.00,2680598.24,NA
The Wackness,2008,R,male,23,18,0,Comedy,Drama,Romance,2080000.00,2672072.01,61
Get Carter,1971,R,male,28,7,0,Action,Crime,Thriller,390000.00,2663449.63,80
I Love You Phillip Morris,2009,R,male,96,26,0,Biography,Comedy,Crime,2040000.00,2630043.12,65
Heathers,1988,R,male,32,10,0,Comedy,Crime,,1110000.00,2595213.78,72
Three Colors: Blue,1993,R,male,18,12,0,Drama,Music,Mystery,1320000.00,2526626.16,85
The Wind that Shakes the Barley,2006,Not Rated,male,69,15,0,Drama,War,,1830000.00,2510703.72,82
Rust and Bone,2012,R,male,21,5,0,Drama,Romance,,2060000.00,2481656.05,73
Blackfish,2013,PG-13,female,21,37,1,Documentary,,,2070000.00,2457703.48,83
Killer Joe,2011,R,male,12,7,0,Crime,Drama,Thriller,1990000.00,2446939.44,62
Everything Is Illuminated,2005,PG-13,male,24,8,1,Comedy,Drama,,1710000.00,2421747.00,58
Harry Brown,2009,R,male,40,16,0,Action,Crime,Drama,1820000.00,2346411.02,55
Donnie Darko,2001,R,male,33,16,0,Drama,Mystery,Sci-Fi,1480000.00,2311415.70,88
Dogville,2003,R,male,32,12,0,Crime,Drama,,1530000.00,2299897.66,60
The Kid Stays in the Picture,2002,R,female,47,16,0,Documentary,Biography,,1430000.00,2198567.37,75
Bad Lieutenant: Port of Call New Orleans,2009,R,male,70,28,0,Crime,Drama,,1700000.00,2191702.60,69
Night Watch,2004,R,male,41,14,0,Action,Fantasy,Horror,1490000.00,2181670.78,58
The Funeral,1996,R,male,29,13,0,Crime,Drama,,1230000.00,2168288.53,NA
Murderball,2005,R,male,66,19,1,Documentary,Sport,,1520000.00,2152664.00,87
We Need to Talk About Kevin,2011,R,female,31,15,0,Drama,Mystery,Thriller,1740000.00,2139534.99,68
Free Fire,2016,R,male,13,1,0,Action,Comedy,Crime,1800000.00,2074357.00,63
The General,1998,R,male,55,16,0,Biography,Crime,Drama,1210000.00,2053206.69,81
Senna,2010,PG-13,male,21,19,0,Documentary,Biography,Sport,1610000.00,2042173.98,79
Gomorrah,2008,Not Rated,male,62,16,1,Crime,Drama,,1580000.00,2029747.01,87
Lenny,1974,R,male,72,25,0,Biography,Drama,,350000.00,1963613.59,61
Roger Dodger,2002,R,male,17,7,0,Comedy,Drama,,1270000.00,1952573.82,75
American Movie,1999,R,male,14,5,0,Documentary,Comedy,,1160000.00,1925829.77,84
Gimme Shelter,1970,GP,male,34,10,0,Documentary,Music,Thriller,250000.00,1782145.62,80
24 Hour Party People,2002,R,male,65,16,0,Biography,Comedy,Drama,1130000.00,1737329.46,85
Marley,2012,PG-13,male,30,14,0,Documentary,Biography,Music,1410000.00,1698609.24,82
Gonzo,2008,R,male,49,16,0,Documentary,Biography,Music,1250000.00,1605812.51,73
Henry: Portrait of a Serial Killer,1986,Unrated,male,26,8,0,Biography,Crime,Drama,610000.00,1539409.58,80
The Castle,1997,R,male,26,16,0,Comedy,Drama,,860000.00,1482034.52,NA
Jo Nesbø's Headhunters,2011,R,male,24,3,0,#N/A,#N/A,#N/A,1200000.00,1475541.37,72
Hard Candy,2005,R,male,4,2,0,Drama,Thriller,,1010000.00,1430388.58,58
The Last Waltz,1978,PG,male,30,9,0,Documentary,Biography,Music,320000.00,1357492.02,88
Performance,1970,R,male,18,8,0,Crime,Drama,,190000.00,1354430.67,NA
Animal Kingdom,2010,R,male,45,4,0,Crime,Drama,,1040000.00,1319168.29,83
The Rover,2014,R,male,13,14,0,Action,Crime,Drama,1110000.00,1296861.44,64
Pink Flamingos,1972,NC-17,male,45,19,0,Comedy,Crime,,180000.00,1191053.11,47
Bloody Sunday,2002,R,male,48,11,0,Drama,History,War,770000.00,1183843.97,90
Control,2007,R,male,26,12,0,Biography,Drama,Music,870000.00,1160793.20,78
Irreversible,2002,Not Rated,male,15,6,0,Crime,Drama,Mystery,750000.00,1153094.77,51
The Cove,2009,PG-13,male,38,12,0,Documentary,Biography,Crime,870000.00,1121636.03,84
The Imposter,2012,R,male,23,4,0,Documentary,Biography,Crime,890000.00,1072171.79,77
Oldboy,2003,R,male,34,16,0,Action,Drama,Mystery,710000.00,1067272.77,77
13 Assassins,2010,R,male,21,13,2,Action,Adventure,Drama,800000.00,1014744.84,84
Song of the Sea,2014,PG,male,8,4,0,Animation,Adventure,Drama,860000.00,1004775.53,85
Bottle Rocket,1996,R,male,36,9,0,Comedy,Crime,Drama,560000.00,987188.27,66
Things to Do in Denver When You're Dead,1995,R,male,44,13,0,Crime,Drama,Thriller,530000.00,961890.88,46
Nymphomaniac: Vol. I,2013,Not Rated,male,27,18,0,Drama,,,790000.00,937964.13,64
The Producers,1967,PG,female,33,16,0,Comedy,Music,,110000.00,910921.86,96
The King of Kong: A Fistful of Quarters,2007,PG-13,male,29,9,0,Documentary,Biography,Sport,680000.00,907286.64,83
Cube,1997,R,male,7,#N/A,0,Drama,Horror,Mystery,500000.00,861647.98,61
Anvil,2008,Not Rated,male,33,6,0,Documentary,Biography,Drama,670000.00,860715.50,82
National Lampoon's Animal House,1978,R,male,33,19,0,Comedy,,,200000.00,848432.52,79
Shaolin Soccer,2001,PG,male,36,25,1,Action,Comedy,Family,490000.00,765266.01,68
Night of the Living Dead,1968,Not Rated,male,43,15,0,Horror,Thriller,,90000.00,715316.38,89
Swimming with Sharks,1994,R,male,6,5,0,Comedy,Crime,,380000.00,709202.56,66
Mesrine: Killer Instinct,2008,R,male,49,15,0,Action,Biography,Crime,550000.00,706557.50,71
Dnevnoy dozor,2006,R,male,57,25,0,Action,Fantasy,Horror,450000.00,617386.16,59
Shut Up and Play the Hits,2012,Not Rated,male,48,16,0,Documentary,Music,,510000.00,614390.58,72
La Haine,1995,Not Rated,male,45,8,0,Crime,Drama,,310000.00,562615.42,NA
Monument Ave.,1998,R,male,27,11,0,Crime,Drama,Thriller,330000.00,559965.46,71
Buffalo Soldiers,2001,R,male,31,16,1,Comedy,Crime,Drama,350000.00,546618.58,56
The Addiction,1995,Not Rated,male,25,8,0,Drama,Horror,,300000.00,544466.54,NA
Freeway,1996,R,male,23,19,0,Comedy,Crime,Drama,300000.00,528850.86,61
Project Nim,2011,PG-13,male,17,10,0,Documentary,,,410000.00,504143.30,83
Fish Tank,2009,Not Rated,female,34,11,0,Drama,,,370000.00,477017.62,81
Braindead,1992,R,male,38,26,0,Comedy,Fantasy,Horror,240000.00,473138.70,54
Taxi,1998,Not Rated,male,35,9,0,Action,Comedy,Crime,270000.00,458153.56,NA
This Is England,2006,Not Rated,male,28,7,0,Crime,Drama,,330000.00,452749.85,86
Joe,2013,R,male,31,13,0,Crime,Drama,,370000.00,439299.66,74
Four Lions,2010,R,male,26,5,0,Comedy,Crime,Drama,300000.00,380529.31,68
The Guest,2014,R,male,29,8,1,Action,Mystery,Thriller,320000.00,373869.96,76
The Wicker Man,1973,R,male,35,17,0,Horror,Mystery,Thriller,60000.00,373768.92,87
Chopper,2000,R,male,22,15,0,Biography,Crime,Drama,230000.00,369427.82,65
Taxi to the Dark Side,2007,R,male,52,7,0,Documentary,Crime,History,270000.00,360246.16,82
Mesrine: Public Enemy No. 1,2008,R,male,43,21,0,Action,Biography,Crime,280000.00,359702.00,72
Trollhunter,2010,PG-13,male,14,5,0,Drama,Fantasy,Horror,250000.00,317107.76,61
Black Dynamite,2009,R,male,61,20,0,Action,Comedy,,230000.00,296524.47,65
El Topo,1970,Not Rated,male,44,7,0,Drama,Western,,40000.00,285143.30,65
Tucker and Dale vs Evil,2010,R,female,20,8,0,Comedy,Horror,,220000.00,279054.83,65
Oasis: Supersonic,2016,R,male,24,8,0,Documentary,Biography,Music,240000.00,276580.93,71
Into the Abyss,2011,PG-13,male,9,3,0,Documentary,Crime,Drama,220000.00,270515.92,74
Infernal Affairs,2002,R,male,22,16,1,Action,Crime,Drama,170000.00,261368.15,75
Django,1966,Not Rated,male,19,6,0,Action,Western,,30000.00,256100.93,75
Hunger,2008,Not Rated,male,17,8,0,Biography,Crime,Drama,150000.00,192697.50,82
Once in a Lifetime: The Extraordinary Story of the New York Cosmos,2006,PG-13,male,21,4,0,Documentary,Sport,,140000.00,192075.69,67
Dig!,2004,R,male,19,3,0,Documentary,Music,,130000.00,190347.11,76
Carlos,2010,Not Rated,male,115,35,0,Biography,Crime,Drama,150000.00,190264.66,94
Alan Partridge,2013,R,male,30,20,2,Action,Comedy,Crime,150000.00,178094.46,66
Mistaken for Strangers,2013,Not Rated,male,14,9,0,Documentary,Comedy,Music,140000.00,166221.49,72
Bronson,2008,R,male,176,51,0,Action,Biography,Crime,100000.00,128465.00,71
American: The Bill Hicks Story,2009,Not Rated,male,7,4,0,Documentary,Animation,Biography,90000.00,116031.31,55
All About Eve,1950,Passed,male,31,15,0,Drama,,,10000.00,114767.22,98
Spring,2014,Not Rated,male,10,4,0,Horror,Romance,Sci-Fi,50000.00,58417.18,70
Gangster No. 1,2000,R,male,36,9,0,Crime,Drama,Thriller,30000.00,48186.24,60
Next Goal Wins,2014,Not Rated,male,7,#N/A,0,Documentary,Sport,,40000.00,46733.75,71
Kill List,2011,Not Rated,male,47,38,0,Action,Crime,Horror,30000.00,36888.53,67
Filth,2013,R,male,36,18,1,Action,Comedy,Crime,30000.00,35618.89,56
Starred Up,2013,Not Rated,male,37,7,0,Crime,Drama,,30000.00,35618.89,81
A Room for Romeo Brass,1999,R,male,19,2,0,Comedy,Drama,,20000.00,33203.96,65
Ichi the Killer,2001,R,male,16,11,0,Action,Comedy,Crime,20000.00,31235.35,55
Dear Zachary: A Letter to a Son About His Father,2008,Not Rated,male,48,24,0,Documentary,Biography,Crime,20000.00,25693.00,82
Stake Land,2010,R,male,159,78,0,Drama,Horror,Sci-Fi,20000.00,25368.62,66
Michael,2011,Not Rated,male,61,40,0,Drama,Thriller,,20000.00,24592.36,64
Memories of Murder,2003,Not Rated,male,43,16,1,Crime,Drama,Mystery,10000.00,15032.01,82
Dead Man's Shoes,2004,Not Rated,male,18,12,0,Crime,Drama,Thriller,10000.00,14642.09,52
Down Terrace,2009,R,male,14,3,0,Crime,Drama,,10000.00,12892.37,68
Eden Lake,2008,R,male,16,2,0,Horror,Thriller,,10000.00,12846.50,65
It's a Wonderful Life,1946,PG,male,97,32,0,Drama,Family,Fantasy,0.00,0.00,89
The Italian Job,1969,G,male,35,9,0,Action,Comedy,Crime,0.00,0.00,70
A Bittersweet Life,2005,Not Rated,male,9,8,0,Action,Crime,Drama,0.00,0.00,NA
The Long Good Friday,1980,R,male,43,11,0,Crime,Drama,Mystery,0.00,0.00,NA
Dog Soldiers,2002,R,male,9,5,0,Action,Horror,Thriller,0.00,0.00,NA
To Kill a Mockingbird,1962,Approved,male,56,16,0,Crime,Drama,,0.00,0.00,88
Harold and Maude,1971,PG,male,22,8,0,Comedy,Drama,Romance,0.00,0.00,62
Network,1976,R,male,43,14,0,Drama,,,0.00,0.00,83
Bonnie and Clyde,1967,R,male,23,3,0,Action,Biography,Crime,0.00,0.00,86
Salvador,1986,R,male,48,20,0,Drama,History,Thriller,0.00,0.00,69
Battle Royale,2000,Not Rated,male,67,30,3,Action,Adventure,Drama,0.00,0.00,81
Come and See,1985,Not Rated,female,32,2,0,Drama,Thriller,War,0.00,0.00,NA
Knuckle,2011,R,male,4,#N/A,0,Documentary,Biography,Drama,0.00,0.00,65
Paths of Glory,1957,Approved,male,17,10,0,Drama,War,,0.00,0.00,90
Holy Motors,2012,Not Rated,male,38,16,0,Drama,Fantasy,,0.00,0.00,84
Rebel Without a Cause,1955,PG-13,male,37,12,0,Drama,,,0.00,0.00,89
Cemetery Junction,2010,R,male,50,15,0,Comedy,Drama,,0.00,0.00,NA
Sunset Blvd.,1950,Passed,male,47,25,0,Drama,Film-Noir,,0.00,0.00,NA
Santa Sangre,1989,NC-17,male,15,13,0,Drama,Horror,Thriller,0.00,0.00,NA
The Killer,1989,R,male,17,5,0,Action,Crime,Drama,0.00,0.00,82
Rosemary's Baby,1968,Approved,male,58,33,0,Drama,Horror,,0.00,0.00,96
Point Blank,1967,Not Rated,male,50,17,0,Crime,Drama,Thriller,0.00,0.00,86
The Searchers,1956,Passed,male,26,23,0,Adventure,Drama,Western,0.00,0.00,94
Good Vibrations,2012,Not Rated,female,49,10,0,Biography,Drama,Music,0.00,0.00,NA
The Elephant Man,1980,PG,male,55,33,1,Biography,Drama,,0.00,0.00,78
Mary and Max,2009,Not Rated,male,27,11,0,Animation,Comedy,Drama,0.00,0.00,NA
A Man Escaped,1956,Not Rated,male,11,4,0,Drama,Thriller,War,0.00,0.00,NA
Hard Boiled,1992,R,male,19,6,0,Action,Crime,Thriller,0.00,0.00,NA
Days of Wine and Roses,1962,Approved,male,43,14,0,Drama,,,0.00,0.00,74
Enron: The Smartest Guys in the Room,2005,R,male,41,16,0,Documentary,Biography,History,0.00,0.00,NA
The Firm,2002,NA,male,0,0,0,Drama,,,0.00,0.00,NA
REC,2007,R,male,17,7,0,Horror,Mystery,Thriller,0.00,0.00,69
The Big Red One,1980,R,male,29,6,0,Drama,War,,0.00,0.00,77
Kind Hearts and Coronets,1949,Not Rated,male,21,13,0,Comedy,Crime,,0.00,0.00,NA
The Vanishing,1988,Not Rated,male,24,2,0,Mystery,Thriller,,0.00,0.00,NA
Love and Death,1975,PG,male,36,23,0,Comedy,War,,0.00,0.00,89
Celda 211,2009,NA,male,43,7,0,Action,Adventure,Crime,0.00,0.00,NA
White Heat,1949,Not Rated,male,70,8,0,Action,Crime,Drama,0.00,0.00,NA
The 400 Blows,1959,Not Rated,male,23,9,0,Crime,Drama,,0.00,0.00,NA
White Lightnin',2009,Not Rated,male,12,1,0,Biography,Drama,,0.00,0.00,NA
The American Friend,1977,Not Rated,male,18,6,0,Crime,Drama,Mystery,0.00,0.00,79
Neds,2010,TV-14,male,48,14,0,Drama,,,0.00,0.00,NA
Los ojos de Julia,2010,Not Rated,male,23,7,0,Horror,Mystery,Thriller,0.00,0.00,NA
Angels with Dirty Faces,1938,Passed,male,93,11,0,Crime,Drama,Film-Noir,0.00,0.00,NA
Planet Terror,2007,R,male,38,19,0,Action,Comedy,Fantasy,0.00,0.00,NA
Bone Tomahawk,2015,Not Rated,male,21,13,0,Drama,Horror,Western,0.00,0.00,72
The Loved Ones,2009,R,male,14,9,0,Crime,Drama,Horror,0.00,0.00,73
Badlands,1973,PG,male,11,7,0,Action,Crime,Drama,0.00,0.00,93
The Class of '92,2013,Not Rated,male,17,3,1,Documentary,Sport,,0.00,0.00,NA
Stairway to Heaven,1946,PG,male,27,10,0,Drama,Fantasy,Romance,0.00,0.00,NA
Ringu,1998,Not Rated,male,23,17,0,Horror,Mystery,,0.00,0.00,NA
Suspiria,1977,R,male,24,6,0,Horror,,,0.00,0.00,79
Breakfast at Tiffany's,1961,Approved,male,59,23,0,Comedy,Drama,Romance,0.00,0.00,76
The Killing,1956,Approved,male,33,4,0,Crime,Drama,Film-Noir,0.00,0.00,91
Rope,1948,Approved,male,7,3,0,Crime,Drama,Mystery,0.00,0.00,73
Scum,1979,R,male,27,12,0,Crime,Drama,,0.00,0.00,78
Sullivan's Travels,1941,Passed,male,76,21,0,Adventure,Comedy,Drama,0.00,0.00,NA
Blow-Up,1966,Not Rated,male,0,0,0,Drama,Mystery,Thriller,0.00,0.00,82
Manhattan Melodrama,1934,Not Rated,male,54,19,0,Crime,Drama,Romance,0.00,0.00,NA
Bobby Fischer Against the World,2011,TV-14,female,29,8,0,Documentary,Biography,History,0.00,0.00,76
The Ballad of Buster Scruggs,2018,R,male,56,15,1,Comedy,Drama,Musical,0.00,0.00,79
Uncut Gems,2019,R,male,77,42,0,Crime,Drama,Thriller,0.00,0.00,91
13th,2016,TV-MA,female,83,14,3,Documentary,Crime,History,0.00,0.00,83
